title,writer,publisher,imageurl,commenttitle,user,comment
小顾聊绘画,顾爷,中信出版社,https://img3.doubanio.com/mpic/s27274391.jpg,艺术还可以这么聊,李小丢,《小顾聊绘画》是一本让人看得很欢乐的艺术普及类书籍，这点从作者顾孟劼在微博上以长微博的形式与大家聊绘画，并受到了广泛的好评和极高的转发量上便可以看出。他以轻松诙谐的方式，将画家的生平、创作轨迹、独特的艺术表现形式以平易近人的文字表达出来，间或穿插着一些花边绯闻和笑料，让那些原本只是出现在教科书上的死板的名字变得具象化起来。正是这种像是摆龙门阵侃大山式的讲述手法，引发了很多平时对艺术压根不感冒的“下里巴人”们的共鸣，使得我们觉得艺术不再是高高在上的贵族，而欣赏绘画的能力，也不再是高雅人士才能具备的素养。而上一次让我生出这种感觉的书，还得追溯到《明朝那些事儿》。和《明朝那些事儿》类似的是，《小顾聊绘画》也是采用评书化的语言来拉近普通民众与严肃的历史文化之间的距离。通俗的语言、精彩的情节、抓人眼球的逸闻趣事……这些都是能够最快消除普通人心中的误解与隔阂，使人在愉悦的气氛中接受说书人立场和观念的不二法门，远比死板的说教要让人容易接受的多。可是正如《明朝那些事儿》所遭遇的质疑一样，很多专业人士也在质疑，这种解构画家的方式是否会消解艺术的严肃性，将艺术鉴赏平面化、庸俗化、快餐化，使读者浅尝辄止就满足了而无法体会艺术的深邃和精妙？我真心想说一句，你们多虑了。打个不恰当的比方，担忧艺术因此庸俗化的人，好比晋惠帝在饥荒之年问道：“何不食肉糜？”饿肚子的人能喝上一碗插筷子不倒的粥就要感动的认为是世间美味了，这哪里是成天山珍海味都吃腻了的“专业人士”所能理解的呢？况且，对于饿了太久的人，一开始就灌肥腻荤腥，是要人命的，得先用清粥小菜慢慢将养了，才能循序渐进。普通人所需要的通识教育，不能直接把《明史》或者《剑桥艺术史》扔过去就能当教科书的，搞不好反而可能会因此伤了胃口，而当年明月和小顾的书，无疑是一块很好的敲门砖。自诩为文艺青年的我，也曾买过不少知名画家的画册，看来看去，虽然也有自己偏好的画家，例如雷诺阿。可是为什么喜欢他的画，说来说去也只得一个好字，好在哪里却是再也说不出来了。而小顾将画家构图和布局的巧思放大开来一一讲解，引导我们关注那些看似微不足道的细节，例如雷诺阿画中屡屡出现的用银白色和淡蓝色所营造的阳光明媚的场景，使人在看到他的画的时候，有一种暖洋洋的温馨美好之感油然而生，小顾因此总结他是一个”能给人带来幸福感的画家。”真是一语中的！我猜想，也许是职业素养使然，作为平面设计师的小顾，可能把每篇聊绘画的文章，都当做是向严苛而又不够专业的甲方做提案来对待，所以他讲述时尤为注意手法：不能太长，否则甲方注意力便不能集中；语言要风趣幽默，时不时要抖个包袱，小高潮不断才能始终抓住甲方的眼球；重点要突出，论点和论据要简单清晰，尤其是要提炼出产品与其他产品相异的特质，才能方便甲方理解与区分。在与小顾的“畅聊”之中，我终于能体会出伦勃朗是如何戏剧性地操纵光与影的，透纳是如何在画中捕捉“光、风和速度”的，梵高是如何用厚重且对冲的色彩营造出一个强烈而扭曲的“视界”的，而德加又是如何用舞女来展现运动中的一瞬间，并且解决了在静止的画中表现时间的流动这一难题的。当然，他们每个人的性格也因此变得鲜明起来，你简直可以像说起幼时玩伴一样把他们的绰号随口叫出来：逃犯卡拉瓦乔、人肉照相机莫奈、乳房爱好者雷诺阿、苹果男塞尚等等……这也是为什么很多读者，包括我，在读小顾这本书时有茅塞顿开之感的由来。因为小顾在做的，不只是“授人以鱼”，更是“授之以渔”的事情。他不仅在聊绘画，也是在启发读者如何欣赏绘画的妙处。我们不但可以经由这扇通往绘画殿堂的大门一窥堂奥，更可以因此建立起专属于自己的，想象艺术的方法。（刊于4.17《信息时报》，转载请注明作者及出处，作为商业用途的请豆邮征询，谢谢）
如何阅读一本书,[美]莫提默·J. 艾德勒、查尔斯·范多伦 郝明义、朱衣,商务印书馆,https://img1.doubanio.com/mpic/s1670978.jpg,如何阅读——做一个伟大的读者,长剑不出鞘,"每一个接受正规教育的人，从古至今，没有一个能脱离阅读的。阅读的对象既可以是美好的，又可以是丑恶的；既可能是健康的，也可能是霉变的，既可能是艰深的，又可能是肤浅的。但是无论如何，通过阅读，自己的心灵和外部世界、和古典先贤、和社会各个层面、和知识各个层次产生了联系。这种联系，将雕刻出不同的灵魂塑像。阅读，在今天已经有了更多的形式，比如网络，比如电视等传媒。阅读就是传播与接收的互动。无论是什么形态，阅读几乎可以说是一种本能了，从人类进入信史或者说，人类进入文明史之后，直到今天，依然是。古，但不老。在当前色彩斑斓的世界里，阅读依然是一项基本的人生技能。特别提醒：这份文字以下部分属于读书笔记，摘录的东西比较多，因此，如果没有兴趣读下去的兄弟姐妹们，请到此为止。读书挺多年，自己是否真的知道如何读书呢？要解决自己的问题包括：昏昏欲睡问题，东一榔头，西一棒棰问题，记忆问题，横向掌握问题等等。“伟大的作者经常也是伟大的读者，但这并不是说他们阅读所有的书。只是在我们的生活中，阅读是不可或缺的。在许多例子中，他们所阅读的书比我们在大学念的书还要少，但是他们读得很精。因为他们精通自己所阅读的书，他们的程度就可以跟作者相匹敌。他们有权被称作权威人士。在这种状况下，很自然地，一个好学生通常会变成老师，而一位好的读者也会变成作者。”发现了一本目前感觉伟大的书《如何阅读一本书》，有一个一野心：让自己成为一个伟大的读者。   根据莫提默·J.艾德勒（1902－2001）——学者、教育家、编辑等多重面貌享有盛名。除了主编《西方世界德经典》，担任1974年第十五版《大英百科全书》的编辑指导——所作《如何阅读一本书》的论述，读书可以分为四个层次：基础阅读，检视阅读，分析阅读，主题阅读。  一、基础阅读是：大致可以分为四个阶段——第一个阶段——阅读准备阶段——相当于学前教育或幼稚园的学习经验。第二阶段——认字——相当于一年级学生典型的学习经验（尽管相当多正常的孩子在某方面来说并非都很“典型，'）。这个阶段的成果是，孩子学会了我们称之为第二阶段的阅读技巧，或是一年级的阅读能力，或最初级的读写能力。第三个阶段——字汇的增长及对课文的运用——通常是（但非全面性，就算正常孩子也一样）在四年级结束时就学会的方法，这个阶段的成果可以称作是“四年级读写能力""(fourth grade literacy)或是“功能性读写能力""(functional literacy)也就是有能力很轻易地阅读交通号志，或图片说明，填写政府的有关简单表格等等。第四个阶段，也就是最后一个阶段，到这个时期，学生要从小学或初中毕业了。这个阶段有时候称之为八年级、九年级或十年级的读写能力。在某方面来说，这个孩子已经是一个“成熟”的阅读者，他几乎可以阅读所有的读物了，但是却还不够老练。简单来说，他的成熟度是可以上高中的课程了。　　无论如何，他还不是 “成熟的”阅读者。但他已经精通第一层次的阅读，如此而已。他可以自己阅读，也准备好要学习更多的阅读技巧。但是他还是不清楚要如何超越基础阅读，做更进一步的阅读。一般来说，基础阅读的四个阶段都有一位老师在旁指导，回答问题，消除在这个阶段会出现的难题。只有当一个孩子精通了基础阅读的四个阶段，才是他准备好往更高层次的阅读迈进的时候。只有当他能自己阅读时，才能够自己开始学习。也只有这样，他才能变成一个真正优秀的阅读者。  二、阅读的第二个层次称为检视阅读：检视阅读，才算是真正进人阅读的层次。检视阅读又分为两种情况：有系统的略读或粗读和粗浅的阅读。（一）所谓“有系统的略读或粗读”是指：在——第一，你并不知道自己想不想读这本书。你也不知道这本书是否值得做分析阅读。但你觉得，或只要你能挖掘出来，书中的资讯及观点就起码会对你有用处；其次，让我们假设—常会有这样的状况—你想要发掘所有的东西，但时间却很有限——的情况下，做 “略读”（skim）整本书，或是有人说成是粗读(pre-read)。略读或粗读是检视阅读的第一个子层次。你脑中的目标是要发现这本书值不值得多花时间仔细阅读。其次，就算你决定了不再多花时间仔细阅读这本书，略读也能告诉你许多跟这本书有关的事。当你浏览过后，你可能会发现这本书仅只是对你目前有用而已。这本书的价值不过如此而已。但至少你知道作者重要的主张是什么了，或是他到底写的是怎样的一本书。因此，你花在略读这本书上的时间绝没有浪费。对于这种阅读状态，作者的建议是(1)先看书名页，然后如果有序就先看序。要很快地看过去。特别注意副标题，或其他的相关说明或宗旨，或是作者写作本书的特殊角度。在完成这个步骤之前，你对这本书的主题已经有概念了。如果你愿意，你会暂停一下，在你脑海中将这本书归类为某个特定的类型。而在那个类型中，已经包含了哪些书。(2)研究目录页，对这本书的基本架构做概括性的理解。这就像是在出发旅行之前，要先看一下地图一样。(3)如果书中附有索引，也要检阅一下—大多数论说类的书籍都会有索引。快速评估一下这本书涵盖了哪些议题的范围，以及所提到的书籍种类与作者等等。如果你发现列举出来的哪一条词汇很重要，至少要看一下引用到这个词目的某几页内文。你所阅读的段落很可能就是个要点—这本书的关键点—或是关系到作者意图与态度的新方法。(4)如果那是本包着书衣的新书，不妨读一下出版者的介绍。许多人对广告文案的印象无非是些吹牛夸张的文字。但这往往失之偏颇，尤其是一些论说性的作品更是如此，大致来说，许多书的宣传文案都是作者在出版公司企宣部门的协助下亲自写就的。这些作者尽力将书中的主旨正确地摘要出来，已经不是稀奇的事了。这些努力不应该被忽视。当然，如果宣传文案什么重点也没写到，只是在瞎吹牛，你也可以很容易看穿。不过，这也有助于你对这本书多一点了解，或许这本书根本没什么重要的东西可谈—而这也正是他们宣传文案一无可取的原因。完成这四个步骤，你对一本书已经有足够的资讯，让你判断是想要更仔细地读这本书，还是根本不想读下去了。不管是哪一种情况，现在你都可能会先将这本书放在一边一阵子。如果不是的话，现在你就准备好要真正地略读一本书了。(5)从你对一本书的目录很概略，甚至有点模糊的印象当中，开始挑几个看来跟主题息息相关的篇章来看。如果这些篇章在开头或结尾有摘要说明（很多会有），就要仔细地阅读这些说明。(6)最后一步，把书打开来，东翻翻西翻翻，念个一两段．有时候连续读几页，但不要太多。就用这样的方法把全书翻过一遍，随时寻找主要论点的讯号，留意主题的基本脉动。最重要的是，不要忽略最后的两三页。就算最后有后记，一本书最后结尾的两三页也还是不可忽视的。很少有作者能拒绝这样的诱惑，而不在结尾几页将自己认为既新又重要的观点重新整理一遍的。虽然有时候作者自己的看法不一定正确，但你不应该错过这个部分。现在你已经很有系统地略读过一本书了。你已经完成了第一种型态的检视阅读。现在，在花了几分钟，最多不过一小时的时间里，你对这本书已经了解很多了。尤其，你应该了解这本书是否包含你还想继续挖掘下去的内容，是否值得你再继续投下时间与注意？你也应该比以前更清楚，在脑海中这本书该归类为哪一个种类，以便将来有需要时好作参考。附带一提的是，这是一种非常主动的阅读。一个人如果不够灵活，不能够集中精神来阅读，就没法进行检视阅读。有多少次你在看一本好书的时候，翻了好几页，脑海却陷入了白日梦的状态中，等清醒过来，竟完全不明白自己刚看的那几页在说些什么？如果你跟随着我们提议的步骤来做，就绝不会发生这样的事—因为你始终有一个可以依循作者思路的系统了。你可以把自己想成是一个侦探，在找寻一本书的主题或思想的线索。随时保持敏感，就很容易让一切状况清楚。留意我们所提出的建议，会帮助你保持这样的态度。你会很惊讶地发现自己节省了更多时间，高兴自己掌握了更多重点，然后轻松地发现原来阅读是比想像中还更要简单的一件事。我觉得这种类型的阅读就是发现一本书的过程：简单地说，就是利用书本提供的一切可以提供书本内容的信息来读书——目录，序，索引，书籍广告，以至于书本主体一些段落，和书本的结论，这样，书的基本轮廓，架构就掌握在自己手中了。在此，我觉得还可以加上一些书评，让别人帮助自己来完成阅读和其咀嚼过程。即使是略读，也坚持一个较好的阅读习惯，这样，就可以抓住整条鱼，而不是通常意义上的一鳞半爪。（二）粗浅的阅读只要找到对的方向，不论是多难读的书，只要原来就是想写给大众读者看的，那就不该有望之却步的理由。对的方向？答案是一个很简单、但很重要又有帮助的阅读规则：头一次面对一本难读的书的时候，从头到尾先读完一遍，碰到不懂的地方不要停下来查询或思索。如果你容许自己被某个顽固的段落绑住了，你就是被打败了。在大多数情况里，你一旦和它纠缠，就很难脱困而出。在读第二遍的时候，你对那个地方的了解可能会多一些，但是在那之前，你必须至少将这本书先从头到尾读一遍才行。在这里，我发现中国、美国的教育界都是一样的：碰到不懂的地方，一定要查资料，问老师，弄明白再说。可是在这本怎样读书中却指出了一个非常重要的论述：如果时候不到就做这些事，却只会妨碍我们的阅读，而非帮助。因为，这种折磨人的程序首先会剥夺阅读的快乐（有点像中学时学习鲁迅的作品）。其次是，过多的纠缠于细节，那么就会错过一些清楚的大原则。样你在任何层次的阅读都不可能很好。在这个层次中，需要注意的问题有：1、  阅读的速度：人们可以读得更快，但是对于书籍阅读来说，速度是根据需要而变化的——天龙八部里，王语嫣听到慕容复练习打狗棒法一味求快就特别着急，应该就是这个道理。2、  逗留与倒退：影响速度，浪费脑力3、  理解问题：4、  做一个自我要求的阅读者：阅读时昏昏欲睡是非常容易的。但是很多人可以秉烛夜读，不应该简单的解释为他们非常人。（估计苏秦张仪悬梁刺股式的学习并非是一个好习惯，而凿壁偷光才真正可以说是个主动的阅读者吧？）在阅读的时候想要保持清醒，或昏昏入睡，主要看你的阅读目标是什么。如果你的阅读目标是获得利益—不论是心灵或精神上的成长—你就得保持清醒。这也意味着在阅读时要尽可能地保持主动，同时还要做一番努力。读书不是娱乐性，而是从中获得利益。只要是超越基础阅读的阅读层次，阅读的艺术就是要以适当的顺序提出适当的问题。关于一本书，你一定要提出四个主要的问题。(1)              整体来说，这本书到底在谈些什么？你一定要想办法找出这本书的主题，作者如何依次发展这个主题，如何逐步从核心主题分解出从属的关键议题来。(2)              作者细部说了什么，怎么说的？你一定要想办法找出主要的想法、声明与论点。这些组合成作者想要传达的特殊讯息。(3)              本书说得有道理吗？是全部有道理，还是部分有道理？除非你能回答前两个问题，否则你没法回答这个问题。在你判断这本书是否有道理之前，你必须先了解整本书在说些什么才行。然而，等你了解了一本书，如果你又读得很认真的话，你会觉得有责任为这本书做个自己的判断。光是知道作者的想法是不够的。(4)              这本书跟你有什么关系？如果这本书给了你一些资讯，你一定要问问这些资讯有什么意义。为什么这位作者会认为知道这件事很重要？你真的有必要去了解吗？如果这本书不只提供了资讯，还启发了你，就更有必要找出其他相关的、更深的含意或建议，以获得更多的启示。我觉得这四个问题的关键就是在理解作者的基础上，把自己和书籍之间搭建起一个桥梁，联系。5、  如何让一本书真正属于你自己藏书章仅仅是代表在纸张上的拥有，而不是智力上的拥有。如果你有读书时提出问题的习惯，那就要比没有这种习惯更能成为一个好的阅读者。但是，就像我们所强调的，仅仅提出问题还不够。你还要试着去回答问题。而这个回答问题的过程可能在大脑中就完成了，但是如果能够用笔完成——而我现在是在用键盘——就更好了。中国古语中有“微言大义”的说法。据说半本论语可以治理天下。那么如何把字面后的东东读出来，而且能够写出来，才真正把图书变成了自己的一部分，真正完成了对图书的拥有。⑴在书上做笔记之所以不可获取，是因为：第一，那会让你保持清醒—不只是不昏睡，还是非常清醒。其次，阅读，如果是主动的，就是一种思考，而思考倾向于用语言表达出来—不管是用讲的还是写的。一个人如果说他知道他在想些什么，却说不出来，通常是他其实并不知道自己在想些什么。第三，将你的感想写下来，能帮助你记住作者的思想。以下是几个可以采用的方法：(1)    画底线—在主要的重点，或重要又有力量的句子下画线。(2)    在画底线处的栏外再加画一道线—把你已经画线的部分再强调一遍，或是某一段很重要，但要画底线太长了，便在这一整段外加上一个记号。(3)    在空白处做星号或其他符号—要慎用，只用来强调书中十来个最重要的声明或段落即可。你可能想要将做过这样记号的地方每页折一个角，或是夹一张书签，这样你随时从书架上拿起这本书，打开你做记号的地方，就能唤醒你的记忆。(4)    在空白处编号—作者的某个论点发展出一连串的重要陈述时，可以做顺序编号。(5)    在空白处记下其他的页码—强调作者在书中其他部分也有过同样的论点，或相关的要点，或是与此处观点不同的地方。这样做能让散布全书的想法统一集中起来。许多读者会用Cf这样的记号，表示比较或参照的意思。(6)    将关键字或句子圈出来—这跟画底线是同样的功能。在书页的空白处做笔记—在阅读某一章节时，你可能会有些问题（或答案），在空白处记下来，这样可以帮你回想起你的问题或答案。你也可以将复杂的论点简化说明在书页的空白处。或是记下全书所有主要论点的发展顺序。书中最后一页可以用来作为个人的索引页，将作者的主要观点依序记下来。三种做笔记的方法在读一本书时，你可能会有三种不同的观点，因此做笔记时也会有三种不同的方式。你会用哪一种方式做笔记，完全依你阅读的层次而定。A、在检视阅读中，要回答的问题是：第一，这是什么样的一本书？第二，整本书在谈的是什么？第三，作者是借着怎样的整体架构，来发展他的观点或陈述他对这个主题的理解？你应该做一下笔记，把这些问题的答案写下来。尤其如果你知道终有一天，或许是几天或几个月之后，你会重新拿起这本书做分析阅读时，就更该将问题与答案先写下来。要做这些笔记最好的地方是目录页，或是书名页，这些是我们前面所提的笔记方式中没有用到的页数。在这里要注意的是，这些笔记主要的重点是全书的架构，而不是内容—至少不是细节。因此我们称这样的笔记为结构（structural note-making）。B、结构笔记与概念笔记(conceptual note-making)是截然不同的。而当你同时在读好几本书，在做主题阅读—就同一个主题，阅读许多不同的书时，你要做的又是什么样的笔记呢？同样的，这样的笔记也应该是概念性的。你在书中空白处所记下的页码不只是本书的页码，也会有其他几本书的页码。C、对一个已经熟练同时读好几本相同主题书籍的专业阅读者来说，还有一个更高层次的记笔记的方法。那就是针对一场讨论情境的笔记一这场讨论是由许多作者所共同参与的，而且他们可能根本没有常察自己的参与。我们喜欢称这样的笔记为辩证笔记(dialectical note making)。因为这是从好多本书中摘要出来的，而不只是一本，因而通常需要用单独的一张纸来记载。这时，我们会再用上概念的结构—就一个单一主题，把所有相关的陈述和疑问顺序而列。6、  培养阅读的习惯所谓艺术或技巧，只属于那个能养成习惯，而且能依照规则来运作的人。这也是艺术家或任何领域的工匠与众不同之处。要养成习惯，除了不断地运作练习之外，别无他法。知道一项艺术的规则，跟养成习惯是不同的。我们谈到一个有技术的人时，并不是在说他知道该如何去做那件事，而是他已经养成去做那件事的习惯了。当然，对于规则是否了解得够清楚，是能不能拥有技巧的关键。如果你不知道规则是什么，就根本不可能照规则来行事了。而你不能照规则来做，就不可能养成一种艺术，或任何技能的习惯。艺术就跟其他有规则可循的事一样，是可以学习、运作的。就跟养成其他事情的习惯一样，只要照着规则练习，就可以培养出习惯来。由许多规则中养成一个习惯对于阅读，也如同其他任何复杂的运动项目一样，也要通过一个个分解动作——对一个个规则的由知道，到实践，到反复实践以至于熟练，再将一个个规则统一到一个整体，形成一个完整、流畅的阅读习惯。  第三个层次：分析阅读分析阅读的第一阶段：找出一本书在谈些什么的四个规则：第一规则：对书籍进行分类，你一定要知道自己在读的是哪一类书，而且要越早知道越好。最好早在你开始阅读之前就先知道。——分析阅读的第一个规则，虽然适用于所有的书籍，却特别适合用来阅读非小说，论说性的书。 举例：从一本书的书名中你能学到什么——1859年，达尔文（Charles Darwin）出版的是《物种起源》》（The Origin of Species），而非《人种起源》（The Origin of the Species）；《罗马帝国衰亡史》而非《罗马帝国兴亡史》分类方法：主要的分类法，一种是虚构的小说类，另一种是传达知识，说明性的论说类。在论说性的书籍中，我们可以更进一步将历史从哲学中分类出来，也可以将这二者从科学与数学中区分出来。一个基本的分类原则，这个原则适用于所有的论说性作品。这也就是用来区分理论性与实用性作品的原则。首先，你要学习去怀疑一切。在书籍分类上，你要有怀疑心。我们强调过经济学的书基本上通常是实用性的书，但仍然有些经济学的书是纯理论的。同样的，虽然谈理解力的书基本上通常是理论性的书，仍然有些书（大部分都很恐怖）却要教你“如何思想”。你也会发现很多作者分不清理论与实用的区别，就像一个小说家搞不清楚什么是虚构故事，什么是社会学。你也会发现一本书有一部分是这一类，另一部分却是别一类，斯宾诺莎的《伦理学》（Ethics）就是这样。然而，这些都在提醒你身为一个读者的优势，透过这个优势，你可以发现作者是如何面对他要处理的问题。理论性作品的分类照传统的分法，理论性的作品会被分类为历史、科学和哲学等等。所有的人都约略知道其间的差异性。但是，如果你要作更仔细的划分与更精确的区隔时，困难就来了。有一个判断依据我们认为永远有效，不过你可能要把一本书的内容读了相当多之后才能应用。如果一本理论的书所强调的内容，超乎你日常、例行、正常生活的经验，那就是科学的书。否则就是一本哲学的书。（记住，这只适用于科学或哲学的书，而不适用于其他类型的书。）分类的作用：书本所要传达给我们的知识不同，对我们的指导方式也会不同。如果我们要跟随这些书本的指导，那就应该学习以适当的态度来阅读不同的书。分析阅读的第二个规则是：使用一个单一的句子，或最多几句话（一小段文字）来叙述整本书的内容。首先，一位作者，特别是好的作者，会经常想要帮助你整理出他书中的重点。尽管如此，当你要求读者择要说出一本书的重点时，大多数人都会一脸茫然。一个原因是今天的人们普遍不会用简明的语言表达自己，另一个原因，则是他们忽视了阅读的这一条规则。当然，这也说明太多读者根本就不注意作者的前言，也不注意书名，才会有这样的结果。其次，是要小心，书的重点摘要可能不只有一个，通常没有绝对又惟一的说明。一本书的整体精神可以有各种不同的诠释，没有哪一种一定对。当然，某些诠释因为够精简、准确、容易理解，就是比另一些诠释好。不过，也有些南辕北辙的诠释，不是高明得不相上下，就是烂得不相上下。但，这也不是说就可以爱怎么说就怎么说。虽然读者不同，书的本身还是一样的，不论是谁作摘要，还是有一个客观的标准来检验其正确与真实性。第三个规则可以说成是：将书中重要篇章列举出来，说明它们如何按照顺序组成一个整体的架构。可读性最高的作品是作者达到了建筑学上最完整的整体架构。最好的书都有最睿智的架构。虽然他们通常比一些差一点的书要复杂一些，但他们的复杂也是一种单纯，因为他们的各个部分都组织得更完善，也更统一。简单的公式：将内容大纲排列如下：(1)作者将全书分成五个部分，第一部分谈的是什么，第二部分谈的是什么，第三部分谈的是别的事，第四部分则是另外的观点，第五部分又是另一些事。(2)第一个主要的部分又分成三个段落，第一段落为X，第二段落为Y，第三段落为Z。(3)在第一部分的第一阶段，作者有四个重点，第一个重点是A，第二个重点是B，第三个重点是C，第四个重点是D等等。就算你已经很熟练阅读技巧了，你也不一定读每本书都要用上同样的力气。你会发现在某些书上运用这些技巧是个浪费。就是最优秀的阅读者也只会选少数相关的几本书，依照这个规则的要求做出近似的大纲来。第四个规则可以说是：发现作者的意图，找出作者要问的问题。一本书的作者在开始写作时，都是有一个问题或一连串的问题，而这本书的内容就是一个答案，或许多答案。知道这前四个规则是有整体性，有同一个目标的。这四个规则在一起，能提供读者对一本书架构的认识。当你运用这四个规则来阅读一本书，或任何又长又难读的书时，你就完成了分析阅读的第一个阶段。    分析阅读的第二阶段：找出一本书到底在说什么的规则（诠释一本书的内容）：第一个规则，我们简称为“找出共通的词义”。 简略来说就是：你必须抓住书中重要的单字，搞清楚作者是如何使用这个单字的。不过我们可以说得更精确又优雅一些：找出重要单字，透过它们与作者达成共识。要注意到这个规则共分两个部分，第一个部分是找出重要单字，那些举足轻重的单字。第二部分是确认这些单字在使用时的最精确的意义。规则，目标不是列出一本书的架构纲要，而是诠释内容与讯息。词义的模糊阻碍了沟通，作者与读者之间无法在阅读中实现思想的交互作用。排除这些障碍，就是这条规则所作的。    第二个规则：从最重要的句子中抓出作者的重要主旨。     第三个规则：找出作者的论述，重新架构这些论述的前因后果，以明白作者的主张。     第四个规则：确定作者已经解决了哪些问题，还有哪些是未解决的。在未解决的问题中，确定哪些是作者认为自己无法解决的问题。 分析阅读的第三个阶段：说明的是批评式阅读的条件，而在这样的阅读中，读者应该能够与作者“辩论”。第一：要求读者先完整地了解一本书，不要急着开始批评。 第二：恳请读者不要争强好辩或盲目反对。 第三：将知识上的不同意见看作是大体上可以解决的问题。这个规则再进一步的话，就是要求读者要为自己不同的意见找到理论基础，这样这个议题才不只是被说出来，而且会解释清楚。只有这样，才有希望解决这个问题。"
人月神话,[美]弗雷德里克·布鲁克斯 汪颖,清华大学出版社,https://img3.doubanio.com/mpic/s1086045.jpg,没有银弹,铂程斋@喷嚏网,作为软件工程的经典著作，《人月神话》的主要贡献是对软件开发过程的几个重要关键点，提出了独到的见解。      这几个关键内容就是：（1）提倡外科手术式的团队组织：    [在软件开发组织上的过份民主，往往带来的是没有效率和责任，参与其中的人想法太多，层面参差不齐。所以，软件开发的组织，应该借鉴外科手术式的团队方式，有一个主要的负责人，其他人都是分工协作的副手，这样效率最好，结果最好。]（2）软件项目的核心概念要由很少的人来完成，以保证概念的完整性：    [少就是多，项目的定位需要和功能多少的权衡。太多的想法，使项目没有焦点，什么都要放进去，结果什么都做不象；]（3）软件开发过程中必要的沟通手段；  [  软件开发中最大的风险往往不是技术的缺陷，而是缺少沟通；]（4）如何保持适度的文档：[   在开发中，保持适度的文档。喜欢过度多的文档的人，忘记了文档不是最终的产品，不是用户需要的，最后以为文档好，就是好的开发，其实完全不是。]（5）在软件开发的过程中，只有适度改进，没有包治百病的银弹。[在软件开发的过程中，重要的不是采用了什么工具，而是不论用何种工具，都要达到项目本身的客户需求。任何方法论之前，先要探求问题的来源，否则，对各种方法论的依赖或滥用，有害无益。]我的blog: http://www.dapenti.com/blog/blog.asp?name=xilei
你只是看起来很努力,李尚龙,中国友谊出版公司,https://img5.doubanio.com/mpic/s28110856.jpg,努力的人从来没有孤独过°,蓦烟如雪,——评《你只是看起来很努力》文/蓦烟如雪以前我特别爱说我的座右铭，“努力不一定会成功，放弃注定失败”，可随着年龄渐长，我有的时候害怕这种努力，虽然没放弃，却并未坚持到底。就像这次我养猫，那一时涌起的心血来潮，那三分热度的关爱，让一只猫颠沛流离的从福州折腾到南平，我没有整个八经的想，我能给予它什么，我只是单纯的在想，我终于不孤独了，有只猫可以陪我度过孤独了。可猫来后，每天早上它会踩我的脸，告诉我，我要吃饭了，可我却还在睡懒觉，我还义正言辞的说，我昨天熬夜了，不想那么早喂猫，可过后我很自责，它是活的生物，人可以不吃，阿猫阿狗也是一条命，我却把它归于一个没有生命的孩子。想想，这种三分热度的爱心真的很要人命，所以，我连夜决定送回去，不是我养不了，是我真的没有认真审视清楚，我到底要什么。在看《你只是看起来很努力》这本书的时候，我多少是躺着也中枪的姿态，每看一篇，我都会想，好像这说的也是我的问题……李尚龙这个名字，对我而言是陌生的，但是能以优异成绩考上重点军校的学生，根基不会太差，甚至他的英语全国比赛，甚至，他加入了“新东方”成为最年轻最受欢迎的讲师，作为一个80后，看待一个成功90后的生活故事，多少是汗颜的。凭什么别人这么努力成功的时候，你只停留在看起来还很努力阶段。在这个沽名钓誉的社会里，能怀揣梦想，执拗地走下去，确实很少见到，我喜欢书中的小美，她经历了那么多的坎坷，在她的传递的话语里，是多么的云淡风轻，作者快要坚持不下去的态度，她一句“爬吧！太在乎终点就失去爬山的意义了。”她有果敢，她不偏听于人，她发现人生之路一句无路可退的时候，她只能咬牙往前走，而她说，成功学都是假的，所以成功都是被逼出来的，努力才不一定会成功的。这句就像一巴掌，挥了过来。我努力了，果然还没有成功。复旦小美坚持活出自己的方式，她曾经是富贵的娇娇女，可她的室友却误会了她，她并不急于辩解，她说“幸福就是过上正常人的生活，不被人另眼相看。”何尝我又不是习惯这样，藏着掖着，不愿意吐露太多自己的心事。人有的时候只是袒露着不为人知的一面，不是去伪善，而是适当的保护自己，人也不要太过掏心掏肺，因为掏错了对象，只有被辜负的命运。小美的目的是未来和远方，小楠的决心是寻找契合自己的理想，他们都没有白走自己的路，而考了四次都还没有考过四级的女孩，她把太多的经历放置在不必要的位置上，忽略了主次，曾几何时，我也是学生会主席，我也是把学业丢掷一边，去管各个部门，组织一堆活动，甚至是操心自己班上的黑板报，立志做好一个好干部，想想事情多是自找的，骗人容易，骗自己也容易，我却骗不过现实。努力不是给别人看，努力是要跃升的境界，作者选择不合群不是他性格孤僻，是他选择了自己今后要走的路，他没有荒废那些必须经历的青春，他说，我一直坚信，英雄，永远是孤独的，只有小喽啰才扎堆。甚至他指明，女孩子要培养出独立的人格，依靠男人，永远比不上依靠自己的双手来得踏实，一语中的，这是外婆家教上，严重给我说的话，她告诉我，做人不要做手心向上的人，凡事卑躬屈膝，都会越来越没有骨气。那个习惯兼职的女孩，放弃了最愚蠢的投资，大好的青春是用来学习知识的，最好的休息是有足够的睡眠就好，而优秀不够，一定要卓越，一定要无可替代才是最重要的。这个世界最不缺有梦想的人，最不差优秀的人，所以，耐得住寂寞，才能享受得了繁华。在这本书里，我最大的感触是不要做一个负能量的人，要懂得去排解自己苦闷，佛说，人在爱欲中，独来独往，独生独死，苦乐自当，无有代者。一个人的成长，贵在走心，全力以赴的爱不后悔，就值得，真心对自己好的人，从来也不会证明自己的恩惠，这本书里的他，一步步从懵懂到成熟，从放手，到告别时用力一点。在这么急功近利的世界里，一句“别和太爱的人结婚”，多少看到是一种痛楚，但却有那么的痛之淋漓。“现在的分别，是为了更好的相聚”里，我最喜欢那句，谁的一辈子都是孤单的，而离别，能让我们懂得陪伴的可贵；这些年孤单的苦，不为别的，只是为了让自己变自己想成为的那个人，然后微笑着看着过去的自己，充满自信地告诉爱的人，以后我们会变得更好，而且都不要分开。谁的深夜没有痛哭，哀悼没有猫陪伴的我，并没有成长起来，我要学会的是与孤独自处，把看起来的努力，转化成我需要真正的努力下去。我想努力的人，就不会再去孤独了。
站在两个世界的边缘,程浩（伯爵在城堡）,广西师范大学出版社,https://img3.doubanio.com/mpic/s27066060.jpg,要让你们的碌碌无为，因看到我而羞愧,司本令,直接评书，就不扯怎么知道、在哪儿买、怎么读之类的淡了。你们都懂的。一、大家都说好的，我就先说说不够好的吧。兼听则明，偏听则瞎，不听则残。1.可能市场需求迫切，整理比较匆忙。本书收录程浩文字15万字，并不完全。微博诗句、知乎的问答补充，不乏精彩，并未收录。2.程浩没想到自己会出这本书，所以内容并不系统。也很难系统。比如大段的病情描述在多篇文章中反复出现，比较“无辜”。他当时只写是给一个人或某些人看的，现在我们一个人一个人在看他。难免照顾不周了。3.装帧设计，有朱嬴椿，并不担心。但内容编辑（如目录）值得商榷。全书分六部分，第一部分和第二部分都是完整文章，可以合并。即使不合并，前者论人生，后者论读书，章节名也应该标清。而不是冠以“世间慨”、“知无涯”之类含糊的伪文艺名。第三部分信件，“尺素书”还好理解。第四部分“切梦刀”，普通人就要百度了。4.不是程浩心里的每一个角落，都值得公开的。像他有篇文章标题《每个人都有自己难以启齿的一面》。“母亲在她的电脑里整理了他生前所写的44万字”，作为一个母亲（李哲阿姨），难道就没有想过有封信是儿子不愿被其他人看到的吗？不能适度尊重一下儿子的隐私吗？以上，希望有更好的版本。5.浩浩是一个职业病人，和我们不同，这点需要正视。我们大都是“正常人”，他是非“正常人”。健康即麻木。他的生“活”史，是给我们一种“比上不足，比下有余”的猛的提醒。他的幸福，是“一觉醒来的幸福”。我们不一样，我们不该仅此满足。比如，他没上过学，没体验过“上学的幸福”，因此遗憾。我们已经体验过“上学的幸福”，你应该知道有多幸福。（你是不是还因此追求过“不上学的幸福”？所以我们应该在自己的基础上，具体人具体分析自己的幸福，而不是人云亦云，追求别人眼中的幸福。6.浩浩没上过学，想得较深，人也聪明，但纸上得来终觉浅。有时候难免卧着说话不腰疼。很多事，只是阅读来的，只是“人家说”的，没有行动能力，所以没有行动，没办法“脚踏实地”，所以没有遇到相应挫折，容易天真，容易盲目乐观。没谈过恋爱，也没做过爱，说起爱情，还是一种畅想的姿态。这只是“假想爱情”，说到底，靠的是想象力。如果有遭遇之后再切合经历，痛定思痛，相信凭程浩的资质，表述会更加周到。不过这也是没办法的事。做不到，但应该知道。一个对人生有真正体会的人，是不大可能以完全乐观的心态去看未来的。白昼并不永恒，黑夜不只是一瞬，仅有乐观的态度美好而不完整。以上，希望我们代程浩去体会。顺便评一下其他书评。好多读者给五星儿，私以为热情大于理智。作者早逝并不能无限拔高作品的附加值。感情分可以给，但不能没了立场和判断。用作者的评价别人标准去评价作者本身，是一件有趣的事。先不说好几部小说都没结尾，如果让程浩来评这本书的话，按他的评书标准，你觉得他会给满分吗？ 二、我也是个好人，所以我知道他好在哪儿。好在哪儿？1.浩浩没上过学，反而有更多时间读书。按“一万小时天才”理论算，他其实快达标了。可惜时间短，有目标，但未能实现。他的阅读主张很多都是经得起检验的，而且下过硬功夫，在浮躁的网络社会，尤其值得学习。2.作为一个生理不健康的人，他的心理简直不能再健康了。真正的心理健康、幽默和坚强，不以时间、场地以及悲惨遭遇为转移。而且他学过英语、写过代码、建过网站、做过动画、炒过股票、当过游戏代练，生命的丰富程度和可能性，甚至超过我们正常人。除此之外，他的慎思、澄净、认真、专心，从书中都可以溢出来。3.怎么评价他，首先看你是一个什么样的人。比他小的读者，应该会仰视他。比他大的读者，应该拿自己二十岁的时候跟他比比。我二十岁时，还不具有这种独立思考的能力及清醒有层次的书面表达能力。他敢且能写文章有理有据地反驳连岳。所以我佩服他，不抽象地。不过话说回来，他终于能出书，其实有点短片《一分钟的生命》里那只苍蝇的意思。4.从自身出发，他调查、研究了中国残疾人的现状，并写文章陈述。我们应该学这个吗？不，即使学，也是学他的社会责任感，学会关注弱势群体，或者身边那些真正需要帮助的人。5.悲剧是什么？说到底，是一种启发。鲁迅叔叔跟我说过：悲剧是将人生有价值的东西毁灭给人看。我觉得还该补充一句：让你觉得没有也不过如此。有知友问:没有手机的话可以生存吗？程浩回答：我没用过手机，活得很好。既然是假设，那我们干脆假设得彻底一点：不用手脚如何？他又举了尼克胡哲的例子。最后叹道：也许，只有一个躺在床上的病人才能发现生活与人间的条条大道。那些走在都市的常人却只能迈向科技与智慧的数码地牢。如他，是悲剧，是启发。但不是真正的悲剧。真正的悲剧是，你不知道自己想要什么、不知道自己有什么、不知道自己到底能放弃什么。三、总而言之我们到底能从程浩身上学到点什么，说到底，是一种精神，一种态度。学习他坚强的理想主义和对人生的虔诚、努力与认真，学习他的自由思想、独立思考的精神，尊重生命、敬畏生命、热爱生命的态度。具体到自己，具体到人，具体到每一个字。所以别流泪了，要流汗。去行动吧，别感觉“还是活着最重要啊”然后一觉醒来一成不变。就像他在《改变世界，需要切口》的结尾说的：“别把你的精力放在那些你力所不能及的事情上面。把自己当作世界的”切口”，从下一秒开始，改变自己，改变心态，改变时间，改变生活，改变……”吧。别辜负他。
礼物,斯宾塞・约翰逊、刘祥亚、潘诚,南海出版公司,https://img1.doubanio.com/mpic/s1408239.jpg,送一份最好的礼物给自己,安静的A,"睡到自然醒，睁开眼睛，阳光洒在房间里，屋外小猫轻轻地叫着。美好的冬日的一天。    这样的一天，大部分时间用来休息，留有小部分时间用来思考，也算是给自己的一份礼物。    买回来的一些书，堆放在桌子上，一直没有时间看。随手抽出一本叫做《礼物》的书，拿起，便没有放下，用1个小时的时间看完。扉页上有这样一段文字：Yesterday is history, tomorrow is a mystery, today is a gift. That’s why we call it the present.    文中反复提及的“礼物”，是自己送给自己的，也只有自己才能找得到。    在生活和工作中，大多数的人总是在抱怨，少了快乐和享受。为什么不试着这样去想病这样去做：全身心地投入你正在做的事情，你的心思就不会游离不定，你享受生活，你也会更快乐更有效率。下决心只关注那一刻发生的事情，那种集中和专注将带你走向成功，这份礼物，就是把握此刻，全神贯注于正在发生的事情，珍惜和欣赏每天得到的东西，试着去留意你从不留意的东西，它们一直就在你的眼前，请尝试从一个全新的角度去欣赏它们。    当然，在全力把握此刻的同时，不要忘记向过去学习。如果你从没有从过去学到些什么，就很难让过去的事情真正的过去。一旦你从往事中学到东西，放下顾虑，你的此刻，便可得到完善。    谈到将来，会让人觉得不安。这是大多数人会有的感受。不要活在对将来的空想中，要着手创造将来（我很喜欢这两个字），只有这样才是明智的。我们在今天在此刻所想的所做的，会成为我们明天的重要组成部分。    在书中，老人给年轻人的建议是：如果你想着手创造将来，第一步就是把握此刻。首先，要感激和欣赏此刻美好的方面，接下来，想象一个更美好的将来是什么样子的。制定一个切实可行的计划，然后采取积极的行动，使之成真。    这份礼物的三个部分像是一个三角架——把握此刻、向过去学习和着手创造将来，它们一起平稳地支撑着一台贵重的照相机，用好它们，生活和工作才能更好的运转起来。    放下这本书，内心充盈着一种从未有过的轻松感。    屋外的阳光更加灿烂，突然想起应该把棉被拿出去晒一晒了；还有冬天的几件棉服，一会儿也要拿出去干洗一下，天气一冷就可以干净地穿上它们；还要给老爸老妈去条短信，告诉他们今天我在家休息，让他们知道女儿不是一直总是在忙，让他们放心。就在时间一点点地慢下来，慢一些，再慢一些。直到可以清晰地看到自己。    最重要的，我在一张纸上写下下一阶段的计划：    1）应多专注于阅读一些儿童教育、心理方面的书籍，从这个角度去弥补工作中较不足的地方；    2）在工作中，要投入。有效利用工作时间，并且关注工作中重要的事情，完全享受它，获得我要的成就感；    3）弥补英语专业方面的知识，好久没有用它，似乎运用起来有些力不从心，可以报班学习英语，体会吸纳知识的快乐，从老师身上学得幽默的智慧，再次感受作为学生的富足；    4）爱惜身体，生活规律，多买些水给自己吃。健康度过这个干燥的冬天；    5）记得经常给家人去电话和短信。让老爸老妈感觉到自己仍然是被女儿需要的；    6）好好地爱自己，才能更好地去爱别人！把握此刻，向过去学习，着手创造将来。这是一份只有自己才可以送给自己的最好的礼物。"
现在，发现你的优势,[美] 马库斯·白金汉、唐纳德·克利夫顿 方晓光,中国青年出版社,https://img3.doubanio.com/mpic/s1403773.jpg,发现天分之后（盖洛普优势理论，发现你的优势7000字书评）【兼听则明，建议再去看《成功、动机与目标》】,智慧火,"写在前面：微信公众号：优势成长社区2016年在优友远风（他有行动天分）的带动下，我们一起推出了这个微信社区。里面有国外同步的视频资料以及优势大咖们的分享。当然，还有我不断推出的34个主题的详细解读，每个主题约2000字。如果你有兴趣欢迎关注。另，盖洛普有测试码的书籍已经涨到140多元，老版的有1.0版测试码的三四本书也都绝版了。这个微信社区能帮你省40元，买到官网的测试码，希望能帮到你！祝你通过这个测试，开始接触只属于你的成功学，开启幸福的生活！因工作繁忙，2016年全年都没能及时回帖回豆邮。出差多，开PC少。为了延续这件事，2017我调整策略：只需两步1.你看了书评如果想找我咨询，请加我微信：wisdomfire 名字：火哥，请注明来自豆瓣书评还是什么渠道。2.把你的问题和你的背景尽可能的讲清楚。我的回答因为是公益性的，所以我希望能够把咱们的内容再贴回到豆瓣这个帖子中，以便积累和分享。哪些部分你在意，或者拒绝分享。请注明【特别提示：工作繁忙，恕不接受qq、微信在线实时聊天咨询。当然，如果咱们成了朋友，聊天没问题。】弱联系，请加我qq：564474103智慧火。加我时请注明来自豆瓣书评。豆瓣跟帖回复，2017暂停，特此公告！水箱泡茶味自知——水箱对盖洛普主题才干测试2年之体会一．对盖洛普才干测试的初识与实测2年前，在一本中欧的电子杂志上偶然知道《现在，发现你的优势》一书，买来了才发现可以在线测试。测之：取悦、战略、交往、沟通、竞争。测完的第一感觉是“失落”，自己希望拥有的“分析、统筹”没有，自己以为一定有的“完美”没有，自己最看不起的“取悦”排第一。虽然有两个好听的“战略、沟通”，但还是莫名地失落，发现自己不是那个“希望的自己”。然而，在细细阅读后面的章节，再联系4年以来的工作经历，很多原来不解的疑问和盲目的自信被一一解开，自己很多“成绩”都是因“天生”的才干得来。其一，我刚做销售的时候，从没被培训过如何去见一个陌生的客户，但奇怪的是打第一次拜访客户，就感觉客户并不讨厌我，和所有客户的交流都很顺畅。后来做销售管理，带新人，还奇怪为什么有人就那么笨，做不好——多少有些“盲目自信”。原来是“取悦”。而且，工作4年中，经常做软件演示会的主讲和主持人，感觉10分钟就能与场下的来宾融为一体。其二，别人经常评价我点子多，我对“方法论”的兴趣也明显大于“价值观”，看来是“战略”。其三，和公司同事，特别是我欣赏的同事能够建立很好的关系。05年公司销售队伍被厂家“策动”，不到30人的销售队伍，15人同时离职，期间通过我的工作留下了5人，今天都已经成为公司的销售核心。当时，我非常“忠心”，非常“正义”，原以为自己人格伟大，其实是“交往”。其四，因为这几年演示会搞多了，200多场的经验，自己当讲师没问题了，就带人。带来带去，一个超过自己的学生都没有，一直很“伤心”，感觉自己不“善教”。原来，自己的进步神速，说到底是“沟通”。后来，我测试公司员工，发现了3个“沟通”特质的人，给他们“培训”，发现这些人才是“好材料”。而且我发现自己还经常当“汉语翻译”，看着两个同事“吵架”，然后把甲说的解释给乙，再把乙说的解释给甲，问题就化解了。当时还挺“骄傲”。最后，这几年工作努力，有时自己也奇怪，为什么要花很大心思做个“如来神秀”的PPT来确立自己在公司PPT制作的地位。还有很多工作，明明没什么好处，可就是愿意干。“贱”得有道理，只因是“竞争”。之后对自己最熟悉的人——相识12年的老婆，进行了测试，也同样准确。“和谐、公平、责任、适应、体谅”——公认的好人；看到有人受欺负就和我唠叨；上学多读书少，有知识没文化，是我对老婆的“夸张评价”，感觉没我强，但是硕士；带她去哪儿玩或突然变故，她都欣然接受；善解人意，对我很好。原来一切也因“天生”。虽然我最了解的两个人——“我”和我爱人都验证了测试的有效性，但后来深入应用的发现着实让人大跌眼镜！第一跌“沟通、体谅”的问题客服没有“沟通、体谅”的明星客服    公司客服部，2年前有个“问题”员工，女孩子。每天和客户吵架，还不离职，和同事关系还很好，带坏了整个风气。人是我面试的，没发现沟通上有问题。更让人惊奇的是，一次在公司附近吃饭，偶遇她和六七个男同学一起吃饭，谈笑风生。这与她工作时的样子太矛盾了。    07年初，我上任分公司经理因对这名“问题”员工“好奇”，想给她一个人测试，又怕打击她的情绪，就决定给6个月以上工龄的人每人都做个测试。一箭双雕，分析“问题”，鼓舞士气。“问题”女孩的结果让人“惊奇”——交往、适应、沟通、积极、体谅。她会有“沟通”？她还有“体谅”？所有知道她测试结果的同事，都质疑测试结果，甚至质疑“才干测试”。我也看不懂了，特别是“体谅”。让她参加有“沟通”特质的人的“讲师培训”，测试结果没错——几乎是“天才”。第一次就讲得很好。在没搞清楚她是怎样一个人的情况下，在她始终不主动提出“离职”的情况下，我建议她“调岗”，去电子评标事业部工作，指望她与政府部门的人“交往”，指望她给领导们“演示”（沟通的能力），相信她能够“适应”这种工作内容的变化。因电子评标不是我管辖，她后来1年多的工作情况我就没太听说了，直到今年2月我任新成立的“项目成本管理软件事业部”经理，我和她不约而同的希望“合作”。对她的测试结果大约做个“牵强”的解释：交往，她与熟人关系特别好，老同学、离职的老同事、在职的同事；适应，她先后做过客服、电子评标市场助理、软件测试工程师、项目管理软件销售，每次变动她都没反感；沟通，她善于演讲和表达；积极，这就是为什么她干得那么差，领导给她那么大的压力她都不主动离职的原因；体谅，她善解“我”意。她的“沟通、体谅”与在客服的“恶劣”表现又怎么解释？先让我们看看另外一个客服的女孩子，一个“超级”女生。豆豆，6年前进公司，学历不高，试用了两天，没要，后来因为临时缺人又把她叫回来，最终留下了。一干就是6年，现在是客服部经理，因为她是“楷模”。测试结果：和谐、专注、责任、完美、成就。客服部6年，来来去去近20人，就她一个，干住了而且干得非常好。在我的提议下，公司的客服品牌都是以她的网名“豆豆”命名的。因只有一个“个案”无法分析“客服岗位”的才干需求。但是在07年初大量测试时，发现了另一超具“服务”意识的女孩，公司前台——李秦（化名）。她的才干是：公平、专注、搜集、和谐、成就。这两个“好客服”有三项相同：和谐、专注、成就。即使我无法“解释”原因，该岗位的人才模型还是存在的。我们的客服不是一项有趣的工作，每天8小时，不停地接电话，面对的是建筑行业从业者。客户的计算机知识普遍很低，很多都是我们从鼠标的使用教起的。软件是帮客户做工程预算投标用的。投标工作压力大，时间紧，软件操作出问题，客户一般都没什么“好口气”，电话一通可能就是一顿骂，客户的情绪化现象严重，沟通普遍较差。那个“问题女生”“体谅”和“沟通”的组合，让她适得其反。盖洛普对“体谅”的解释里，提到：“你能体会到他人的感受，能预料到需求，但你未必赞同每个人的看法。你未必怜悯每个人的困境，你未必赞成每个人的选择。”对“沟通”的解释里提到：“你喜欢解释、描述。”她知道客户的感受，但她当他听到客户错误的判断时，不能赞同。又因为“喜欢解释”，就开始以“沟通”地形式与客户辩论。客户此时要的是安抚情绪，然后被告知下一步怎样做，快速解决问题。可不合时宜的“解释和描述”在客户眼里就是“推诿”和“不理解”，加之强大的表达能力，因此总是和客户吵。更可怕的是，吵完还和其他客服“解释”客户的态度与要求是如何的不可理喻，更把整个过程“描述”地让大家义愤填膺。而“超级女生”和谐、专注、成就无疑让她们成为该岗位的超级明星。“和谐”盖洛普有这样的解释：“当你发现周围的人意见不一时，你力图求同存异。你力图使他们避免对抗，寻求和谐”，“当别人朝着某个方向冲去时，你为了维系和谐，心甘情愿地修改自己的目标，以求与别人保持一致。”不需多言，这是面对情绪化客户的最好的办法。“专注”书上提到：“你的专注最终迫使你提高效率”，“它使你难以忍受拖延、障碍，甚至迂回”。快速解决客户问题，是“专注”客服的本能。“成就”就别提了，书中这样描述“你感到每一天似乎都从零开始。一套结束时，你必须获得某种有形的成果，如此才能感觉良好。”“你对成就的不懈追求或许缺乏逻辑，甚至漫无边际。”“它给你动力，使你能长久工作而不知疲倦。”客服真的每天都是“从零开始”，真的每天都能“获得某种有形的成果”——给很多人解决很多问题，真的枯燥而“长久”。然而她们对这项工作的热爱也真的“缺乏逻辑，甚至漫无边际。”——害得我看着她连续4年成为“服务之星”可怜，在年会上陪着她在台上一起痛哭，还发誓要用自己所学提高客服部员工的服务技巧，不让她们再“笨拙地受气”。第二跌“做人”没问题的人做事有问题，“做事”没问题的人做事还是有问题。大家刚测完，平时总是乐呵呵的“胖子”就满面愁容地跑过来，“刘经理，你看我这才干有什么用啊？”——回顾、和谐、取悦、包容、专注。说实话，就像他自己分析的“取悦”和“专注”还有点用，其他的好像不“实用”。因为有些话对其本人不好说，毕竟是对最核心的“天生怎样一个人”做分析，所以也没太和他探讨。只是鼓励他说：“作为技术支持，全省各地去给客户培训，每天面对大量陌生的客户，取悦不就是很好的才干么？专注也不错，你的技术水平在公司还是很出色的。”“胖子”，人很好，不过除了利用自己的技术解答客户疑问以外，连规划个说明书也搞不了，技术一流，每天能吹会侃，可是销售能力一塌糊涂，所以转成技术支持。看来，现在的岗位是他的历史必然选择。刚测完总部的第2个月，突然外办的一个销售人员异常兴奋地从公司办公系统发来了一封邮件，里面是他测试的结果。他不仅发给了我，还同时发给了老板——董事长。我搞测试玩，老板是不知情的。不过看了他的测试结果也的确是让人羡慕，难怪她如此兴奋。战略、思维、竞争、行动、统率——真是一个比一个酷。“应该是个将才”，我当时以为。然而，后来发现，他身边的同事都不服他，连新派给他的应届生助手没两个月说起他也“尊敬”不多。因他业绩突出，想提拔他做地区经理，酝酿了1年，上任了还是问题多多。从直觉上发现，才干是可以进一步分类的，当时感觉可以至少可以分成“做人”和“做事”不同类型。而且认为如果有人极端偏重“做人”或“做事”，都很难做好事。不过现在想来，还是脑子里“单一化成功”在作祟。不管是“胖子”还是那个“金牌销售”，在他们各自的岗位上都是成功的，不能以他能否上升做管理来评价他们本人。做管理的人，如果在他们的岗位一定没有他们表现的出色，天生我才比有用啊！第三跌才干有分类，偏失须止损发现才干有类别，是从我发现有人特质倾向“做人”有人特质倾向“做事”开始的。后来看了盖洛普优势相关书籍，如《由此，踏上成功之路》、《发现你的销售优势》、《首先，打破一切常规》了解到盖洛普对34个主题才干有分类的做法，而且分类的方法不止一种。《由此》第20页，表2-1分类最清晰，但本人“愚钝”，至今感觉其分类的依据都不是很清晰，很难完全领会。此书中将34个主题才干分为四大组：交往、影响、奋斗、思维。但本人不认同书中将“完美”归到“影响组”，而非“奋斗组”；将“竞争”归入“影响组”而非“奋斗组”的观点。另外，有的才干如“积极”分到“影响组”和“思维组”都可以讲得通，既是用积极的态度影响他人，又是搜集“正面”信息和“乐观”地处理信息。我有一种分类方法是分为三类：“做人”、“做事”、“动机”，不过大约这样的分法只有中国人才能看懂其中的奥妙吧。不过写到这里，又突然感觉分为四类指导意义更大：动机、人和、主动风格、被动风格。表1：动机•做事•做人动机（为什么做）	做事（怎样做）	做人（怎样待人）责任    	沟通    自信    理念	体谅    公平完美	统率    分析    搜集	和谐竞争	积极    统筹    思维	包容信仰	成就    战略    学习	个别纪律	行动    回顾	交往排难	适应    审慎	伯乐追求	专注    前瞻	取悦表2：动机•人和•技能•风格动机	人和	主动（对大众）	被动（对自我）责任    	体谅    	沟通   伯乐	公平   适应完美	和谐	统率   	自信   分析竞争	包容	统筹    	积极   搜集信仰	交往	专注	回顾   思维纪律	取悦	行动    	审慎   成就排难		战略    	前瞻   学习追求		个别	理念不过，社会科学本就是相对模糊的，没有目的的分类，除了让你容易背记这34个主题以外，我实在想不出更大的意义。因此笔者认为分类是要有目的。盖洛普对分类和每个人5个主题才干在几个类别中的分布情况不同所暗含的现实意义都没做展开。我认为分类最大的现实意义在于每个人5个主题才干在不同分类中的分布情况意味着一些更重要的信息。首先，分布均匀似乎还是好些。一个人的5个才干如果分布较均匀，则这个人较“中庸”，适合做综合类工作或说管理工作。我的5个主题才干分布地较均匀：取悦（人和）、战略（主动）、交往（人和）、沟通（主动）、竞争（动机），做营销管理类工作自己感觉比较舒服；而我爱人的主题则较为偏失：和谐（人和）、公平（被动）、责任（动机）、适应（被动）、体谅（人和），没有主动类才干，她不喜欢做主，“责任”让她成为硕士，她可能适合在大企业做中层。如果有人测出的才干，只有“人和”和“被动”，那这样是不是就“完蛋”了呢？呵呵，没遇到过这样的样本。另外，值得注意的是，如果一个人的5个主题才干都集中分布在某一类中，则这个人较“极端”，需要注意“止损”。如缺“做人”类的才干，要有意识地控制自己在“团队”方面的弱点；如缺“做事”类的才干，要有意识的与其他人合作；如缺“动机”类才干，要找人激励自己，别浪费了自己的才干。《现在，发现你的优势》在后面“我如何控制弱点”的章节中讲到的方法，在才干分部不均时，价值极大。写到这里，发现作为中国人的一份子的我，还是没有完全忘记关注的“弱点”！如前文所讲的那位“金牌销售”——战略、思维、竞争、行动、统率，5个才干没有一个与“人和”有关，他经常和财务部闹矛盾，作为他本人应该注意到这一点，然后通过一个他信任的能了解他想法的人去和财务部沟通，止损。    34个主题的分类，我是没想清楚的。希望有兴趣的朋友一起讨论。二．告你几个小发现1.这个测试能看出“忠诚”问题，找伴侣、员工、创业伙伴没准有用。    背叛通常都是“被迫”的，都是有一定理由的，然而具有某些“特质”的人，会把那些理由都从自己的字典里去掉。比如：交往、关联、信仰，有这样的价值。2.有的才干真的同时也有负面特点。（呵呵，又关注弱点了，没办法做企业要回避矛盾） “积极”的人，有时乐观的让人不可理解。我见过的3个“积极”的人，都是“愁不死”。工作状态已经奇差了，可就是能忍受着不辞职或调岗。“公平”的人，你做管理时要小心，她们对公平的理解太理想主义了。当然，也要看其他主题才干的配合，像我爱人有“和谐、体谅”，感觉就不明显了。而她这样的组合意味着，她一般不会“发火”，但如果“发火”一定是“别人”错了。这里的“别人”几乎特指我。    “自信”的人，在中国可能比较少见。我见过的50个以上的样本中，只发现一个人有“自信”。这估计是我们的教育风格决定的。不过，如果这个人没有“沟通”特质的话，他会比较难“沟通”，但别害怕，这并不会影响他成为一个优秀的销售人员或一个有成就的人。3.我竟然遇到了“主题才干”一样的2个人，一位是我最爱的人，另一位曾经是我讨厌了2年的人。    我最爱的人：我的老婆，和谐、公平、责任、适应、体谅。我曾经讨厌了2年的人：某销售，适应、体谅、责任、公平、和谐。我一直很奇怪地讨厌那位“某销售”员工，他是男的和我打交道也不多。测出结果后，我惊讶不已，毕竟这样的概率远比同一天生日要低的多得多！（《现在，发现你的优势》，第178页，五大主题有3300万个可能的组合）只能说，再一次验证了周星驰大话西游的某著名观点：当你爱上一个你曾经讨厌的人的时候，这段感情才真正让你割舍不下。4.有些看似无用的“主题才干”，会在意向不到的人类生产实践中发挥决定性价值。比如“思维”，这样一个精神层面的特质，谁能想到是“优秀汽车驾驶员”的必备才干呢？书中分析是对路况出于本能的不停思考让他总有预案面对突发事件。鬼知道“回顾”会在什么事情上发挥决定性作用？三．在小公司管理中的应用价值小公司，特别是创立不久的小公司，“人才”总是影响企业发展的重要因素之一。小企业由于知名度小、福利相对差很少不面临着“找人难，用人难，留人难”的困境。我在小公司里做了6年，期间公司从30人，发展到200人。对小企业的人才困境深有体会。而盖洛普主题才干测试对小企业人力资源管理价值巨大。最大的价值就是能够帮助形成公司的关键岗位的人才模型。小企业极少能够拥有富有经验的“人力资源总监”，盖洛普测试可以很方便的应用，无疑为非人力资源专业的经营者提供了便捷有效的工具。先通过业绩观察，找出关键岗位的优秀代表，最好是2名。然后，给他们测试，比较测试结果。总结出岗位需要的“主题才干”。根据这些你公司该岗位所“特需”的“主题才干”进行招聘面试。这样可以大幅提升人力资源工作的效率。要知道没有“最好的人”只有“最合适的人”特别是对于小公司。比如我测出自己公司的客服岗位的特需才干是“和谐、专注、成就”。而所有测出有“竞争”特质的8个销售人员业绩在公司都是非常出色的。那为什么在同一个公司，同样的基础岗位“客服”“销售”，特需才干一个需要3个，而另一只需要1个呢？我发现企业系统在某一方面的工作构建的综合实力越强，某个工作岗位的“特需才干”就越少。我公司的客服工作纯粹是独立承担的，公司在这方面也没有什么特别的优势。因此需要“很强的人”即和谐、专注、成就集一身的人。而我们公司的销售工作由于客户基础好（浙江占有80%）、技术依托（在客户心里我们产品技术最好），相应的销售岗位似乎只需要一个“特需才干”。四．结语人们常说：人是最难搞的。理解“人”，掌握“人力资源”规律相信对每个经营管理人员的意义都不会比财务管理小。毕竟，有刘邦那段：“***，吾不如AA;***,吾不如BB;***,吾不如CC。三者皆人杰，吾能用之，此所以取天下者也”的名言。然而，如果你不能测量人，你就不能管理人”。这个测试工具是盖洛普公司的一个基础原理之一，有相当的科学性和影响力，美国是世界上心理学应用领域最发达的国家。这个主题才干测试是无数“大牛”通过多年努力创造的。我对它的认识也仅仅只有2年时间，对该理论的理解和学习还有很多需要加深的部分，至于对它的应用也仅仅是起步。有时猜想：应该存在一些“牛人”未测出的才干，也比我这样的普通人的第一优势更有威力的现象。毕竟珠穆朗玛峰和西湖边的宝石山都有个山尖尖。不过想想人类智商的分部情况，我又安慰了很多。慢慢发现吧，挺好玩的！你不觉的么？给文章起个名字吧，水箱泡茶味自知。呵呵                                        水箱三友   2008年6月16日星期一心理学工具要能“描述、解释、预测、控制”，能解释之后，反而更大的改进的欲望产生了。可惜本书对现实的值得不多，希望本文能带给你些启发。我把以自我为中心的文章名，改为《发现天分之后》希望能带给更多人，更大的价值。                                        智慧火  2015年1月11日 星期一**********************************************************************************************************************************************************2009年4月28日 修改表一表二 　　 　　2009年5月3日 表一表二 漏了“关联”，感谢细心的求道！不过还是不补了，大家自己给它归类吧。另外，自今日起，如果你十分困惑想让我帮忙分析，那么，我的原则是“帮朋友没问题”，因此你要先成为我的朋友——发一份正规的求职简历（当然没有离职原因，和欲求岗位）给我，讲明你的具体情况，让我认识一个有血有肉的你，而不是一个“符号”请包涵我的任性。 　　 　　2009年12月23日 声明：盖洛普优势模型 对职业类型没有明确指导，对行业类型更只字未提，所以请不要再“光秃秃”地问我应该干什么？之类的问题。谢谢。 另，除非你的特质很特别，恕不回复如下类似帖子：你好！我的5个特质是...请您给说说。 　　 　　2010-01-07 将“体谅”从人和类，调到“功能类”。因为，体谅主要是能迅速把握别人的需求，但并不表明他会“同情”别人。 　　将“关联”加入分类，放在了“功能类”。在犹豫，目前更倾向于“风格”类，但猜测是不是警察破案需要，或者金融、期货分析师需要，比如下雪了，就想到天然气短缺。呵呵，不一定合理，还请豆友们指正。 　　 　　2010-02-22 根据豆友“冰棍”的疑问，将第二种分类的“主动风格”变为“技能（对外界作用显著）”；“被动风格”变为“风格（对外界作用不明显）”，并调节统一了表格中的名称。 　　 　　2010-12-10 一个人的力量是有限的，我致力于帮助每个人开心工作。在众多好友的帮助下，决定组建一个专门的网站，推动“知识公益”，让平凡的人帮助平凡的人！敬请关注！【半年过去了，尽管碰过10几次头，网站的需求还是不够明确，结构和发展战略不清，也许事情超越了我的能力；我个人精力有限，事业还没有基石；女儿2岁，我首先是个爸爸，其次才是在网上帮助别人的知识公益者。网站的事情压在身上，很疲惫，今天我决定结束这个决定，默认已经发生的沉默成本。感谢为这个网站付出辛勤劳动的二光、老享耳等好友2011.06.08】         2014-6-6 一切从头再来！感谢“发挥你的优势”群友的安慰和支持。        2014-11-27 34个天分怎么来的，应该是有规律的，以下是目前为止和大家交流后猜测的成果。你看靠谱么？“自信”主题的人一般是五六岁时有一段没有什么人管，结果自己还做成了一些事情，于是形成的。“完美”主题的人一般会偏科，因为他追求完美所以疯狂的学习自己擅长的那一科。“伯乐”主题的人一般成长过程中有个较弱的朋友，需要你帮助。比如有一个弟弟，并且家长让你多带着他。然后你将这种习惯辐射到了其他人。“体谅”主题的人自爆小时候在强势环境中成长，为了避免挨骂，需要体察他人情绪。在较复杂的人际关系家庭，比较容易形成“体谅”。 （小时候寄宿在亲戚家，所以也符合）中国的家庭环境容易产生带有“体谅”“和谐”特质的人。 同时具有“体谅”和“和谐”的人，容易比较敏感。 “个别”和“体谅”的区别在哪：“个别”是区别不同人的特点，“体谅”是体察他人的需求。“个别”很像文物鉴赏。有“战略”特质的人也能识人，但是是有意为之，但是“个别”的人做到这些却是自发的。“公平”主题的人一般有兄弟姐妹，可能是感到自己没有受到公平的待遇，所以要求强烈要求公平。 “排难”主题的人，可能是从小有偶发的正激励，别人搞不定的事我能搞定并且得到大家很高的评价。“排难”不是能力类的主题，而是动机类的主题。“和谐”主题的人一般成长环境冲突比较多。“适应”，搬家和适应往往相关，适应人适应物。（我觉得真是这样，小时候老搬家，所以就有了适应，和火哥不谋而合）“信仰”也有些动机类的感觉。“责任”相对来说有点被动，他的行为方式很大程度上取决于别人的要求、期望和岗位。更多“天分起源猜”还要大家一起来！欢迎去小组发表你的见解，http://www.douban.com/group/do-my-best/?ref=sidebar我很遗憾的收到下面这封邮件。发布的条目评论内容《水箱泡茶味自知（7000字书评）【兼听则明，建议再去看《成功、动机与目标》】》是在 2014-06-03 晚被发布账号，即 智慧火 账号操作删除。很遗憾，账号主动删除的内容，我们也无法恢复。如你本人没有进行此操作，我们怀疑你的账号被盗号，或被他人登录进行了相关操作。我们建议你要尽快修改账户密码，不要多个网站使用同一用户名和密码，以防止被盗。-- 豆瓣08年到14年，6年的积累，跟帖与回复已累计达到6页，多少令人难忘的记忆，多少网友的支持与鼓励，就这样飞灰湮灭了。文章本没什么，可贵的是累计了多年的案例分析和网友的智慧。然而，事已至此，掩面痛哭也于事无补。站在人生的长河里，这个波折也算不了什么。让我们从头再来吧。*******************************************很荣幸能有机会通过自己的知识为大家提供点力所能及的建议和意见。我不是算命先生，所以聊你自己的事之前，请提供MBTI的测试结果（http://types.yuzeli.com/survey/mbti88）或者盖洛普官网测试的5大优势天分，这好比医院的检查报告，报告错了，医生的判断肯定也是错的。我不是专职测评师或职业规划师，所以无法qq在线和你聊，一关qq我就找不到是和谁聊了，如想聊聊你的天分，请跟帖。可能不及时，但必回。可能不及时，但认真。"
异类：不一样的成功启示录,[美] 马尔科姆·格拉德威尔 季丽娜,中信出版社,https://img3.doubanio.com/mpic/s3806874.jpg,如何毁灭天才？,南桥,"Outliers: The Story of Success  借来一套语音版的 Outliers 听完了。这本书里有很多故事，可是希望借此找到成功的奥秘恐怕很难，作者做的是一描述而不是预见。听了半天，只听出了六个字： “天时地利人和”。 比如比尔·盖茨，他之所以打造出一个这么庞大的帝国来，一是自己比较聪明，禀赋特异；二是他生对了时代，那个时候是没有多少人有机会学编程的，他碰巧有了无限上机编程的时间；三是他流足了那99%的汗水，花了那一万个小时的时间。作者说天才本身并不重要，莫扎特也都是花一万小时作曲，把自己作成一流音乐家的。 　　不过此书倒是可以反着看（听），听如何扼杀一个天才。书中说到了一群智商特别高的人是怎么被毁掉的。总的来说，毁掉一个天才有如下几个常见办法（可综合使用）。当然其它办法还有很多，这里只写感触比较深的几点： 　　 1. 马虎的父母。书中说到一个智商特别高的孩子，由于妈妈马虎，没及时填写学校发的表格，结果无法继续上学，一辈子就此废掉。哈代的小说《苔丝》里，因一封信塞到了地毯下没及时看到，苔丝的人生从幸福转换成悲剧。这些自然主义小说里说的偶然性因素，现实生活中并不鲜见，但也不是所有偶然因素都可以通过努力来改变。书中说的这个故事，也不能全怪那个妈妈，她也不是有意要这样的。智者千虑，必有一失。成与败，所谓必然因素，其实真是几分打拼几分天命，有可为有不可为。我们说认命是一种消极，可是我看英文中常说是“退休”（resigned to the fact), 或者说人变哲学变睿智了（I’ve become philosophical about it). 有一点这样的心态，哪怕是作为一种调剂，也是可以让我们的存在不那么紧绷，以至于一触即断。换言之，我这里并不是说所有天才都是被人刻意毁掉的，有的纯属偶然。 　　 2. 官僚的学校。上述学校就是太官僚，就因为表格不能及时递交，不让这个孩子继续求学，最后这哥们只能捧着自己的天才著作无人问津，只好穿一破牛仔裤在自家门廊上喝着啤酒感慨人生。造出原子弹的欧本海默则比较运气，他读书的时候，想下毒把老师害死，事情败露后，学校知道他是可造之才，没有将其开除了事，而是送他去做心理治疗，后来的故事就是历史了。浙江大学一博士，由于学校许诺待遇不兑现等等因素，得了忧郁症，最后自杀了。学校其实是有很大责任，在人刚回来的调整期间，多作一些努力，帮人适应的。 　　 3. 穷人的心态。我自己也是穷人出身，所以对此深有体会。书中说富人和穷人之间差距之所以越来越大，是因为穷人有时候在心理上自己矮化自己，而富人的孩子就有这么一种张扬的心态，使得他们更为容易获取发展所需的资源，但是一旦穷人扭转这种心态，他们之间的差距就会消失，甚至逆转。我经常跟人推荐《布鲁克林有棵树》，希望大家别把它当文学，而是当一成长故事来看。我想让读者，尤其是家境普通的青少年看到，人穷的时候怎么做人，怎么把自己的人生一样过得有价值有尊严而且还能前进。人生就好比打牌，你不可能总抓一手好牌，笑到最后的，常常是那些牌技比较好的人，而不是你头一次抓了好牌的人。 　　 4. 文化的禁锢。书中说中国人数学好，一个主要因素是因为汉语中念数字所需时间比较短，符合人的短期记忆习惯，这一点我以前也谈论过，只不过我想到的是音节数多少。另外一点，是“水稻田文化”的影响，让人知道一分耕耘一份收获，多劳多获。而其它一些文化就有一定的禁锢性，比如法国农民到了冬天要去“冬眠”，非洲一些地方农民靠捡果子谋生，你让他去种东西，他会说世上有这么多白捡的果子，你种这些干嘛？我不知道如今非洲接受援助是不是也是受这种文化的影响？亚洲孩子有一些是水稻田文化下长大，所以能知道付出和获得之间的关系。当然美国现在也注重培养孩子的“work ethics”。比如我们小孩回来就用一种美国信天游告诉我说：No bees no honey, no work no money. 歌词大意是：蜜蜂百忙才成蜜，不去干活哪来钱？ 　　 （顺便说一句，我发觉世界上最瞧不起中国农民的人是中国人自己，我看过好几本书，都带着一种神奇的眼光看中国农民。这本书的坐着看珠江三角洲的农民在水田插秧，施肥，灌水，简直都看呆了，说这些人一个个都是在管理一个个小的企业啊。上个月我看的一本书Weapons of Mass Instruction中，作者用了很长篇幅，描述德国一个工厂被中国人收购后，德国人估计要几年时间才能全部搬完。结果工厂请了一班民工去德国，在包工头指挥下，这伙民工很快就给搬完了。而我认识的几个娶美国老婆的中国男子，全是农村小伙，因为他们的妻子觉得中国农村美。这是多年中国工业化灌输中，我们自己看不到的。不信大家请看这位美国姑娘的介绍： （http://www.speakingofchina.com/about/），她对中国农村的描述是： less developed — but charming — countryside.）由此我们说到第五个问题，也就是： 　　 5. 短浅的眼光。一些人人生遭遇滑铁卢，其实不是因为缺智商缺才能缺知识，而是缺眼光，不知道地平线那边走过来的到底是什么东西，所以只是跟着身边人瞎起哄，追赶他们追赶的一切，最终稀里糊涂而晕倒。这本书开始我们期待着 “异类”的阐释，最终的结论却是：世界上本无异类，只是天时地利人和，各方面条件用好了，于是有了成功。 　　 书中介绍了一些案例，说一些开始在智商上超凡的人，最后反成了平庸之辈。智商就好比打篮球的身高，太低当然不行，可过了一定阶段，其实并没有多少差异。爱因斯坦之所以成为爱因斯坦，不是他的智商超过所有人，而是在一些父母送孩子读流行的法律或者会计的时候，爱因斯坦没有，结果他的智商被充分利用上了。 　　 说到这里，请大家对着镜子或者是转身四处看看，看看有多少智商150的人，在做着二百五的事情？"
充电,(美)布兰登 • 伯查德 王岑卉,中国华侨出版社,https://img3.doubanio.com/mpic/s27265871.jpg,【笔记】电量十足的生活,伊卡洛斯,0p	3种生活：被禁锢的生活、安逸的生活、电量十足的生活。 5大基本欲：控制、求知、求同、关爱、社交。 5大高级欲：改变、挑战、创意表达、贡献、认知。6p	需求得到了满足还是不快乐的原因，不是精神领袖和心灵鸡汤告诉我们的那些“我们不努力，我们太狂妄”的虚伪说辞，而是我们进化了。需求满足后，我们不再关注自己“需要”什么，而更在乎自己“想要”什么。27p	电量十足的7特征： 1. 心态开放，有敏锐的洞察力； 2. 面向未来，活在当下，不念过去； 3. 追求挑战； 4. 对其他人拥有浓厚的兴趣，并能建立真正的联系； 5. 自立自强； 6. 热爱创造； 7. 重视大局，是意义创造者。44p	比起悲观主义者，乐观主义者更能看清世界，只不过他们是用行动来回应问题，而不是悲天悯人。悲观者不相信问题可以解决，乐观者更愿意去尝试。45p	掌控生活的新鲜感：维护自身信念的内在力量和塑造性格的力量是同一种。为了坚守自己的信念，我们还应该控制自己看待负面事件的方式。49p	寻找生活新鲜感的6种方式；90天逃离；餐厅或饭店之旅；观看演出或体育比赛；旅行冒险；扩大社交圈子；学习新技能。52p	缺乏自主性和容易分心，让工作失去了乐趣。63p	能力的重要性： 1. 能力决定了你的关注点：能力不足会让你回避生活中的问题、矛盾或是较大的挑战和机遇； 2. 能力决定了你对任务和活动的选择：能力不足会让你成为安逸的囚徒； 3. 能力决定了你的努力程度：越有能力，越会努力工作，也会越聪明； 4. 能力决定了你的适应能力有多强：有理解力、行动力和掌控力的人，在遇到问题时会更愿意及时调整自己的方法； 5. 能力决定了你是引导别人，还是追随别人。66p	评估求知欲的指标： 1. 未来定位、内在价值、实用价值； 2. 机会成本：总能挤出时间学习的； 3. 滞后时间：达到目标后，还要等多久才能从中获益，滞后时间和个人努力程度成反比； 4. 个人能动性：控制自己行为，获得预期成果； 5. 社会支持和社会联系：和别人建立深刻的关系； 6. 取舍意识：拓展自己的同时，还要舍弃身上的累赘； 7. 可用资源、自主权。81p	我们用三个词来定义自己的生活，再用三个词定义和别人交往的方式，让这六个词成为自己的专属名词—我们不需要被别人定义。87p	好状态的最大杀手—疲劳、饥饿和头痛，大多是缺水造成的。89p	恪守一致性：当我们重视对彼此承诺和责任时，我们就不再是独立的个体，而成为了世界上紧密联系的成员。你会感觉活得更踏实、更有责任感和安全感；生活进入和谐稳定阶段。你很少会为不确定的事而惊讶了，因为你找到了内心的安定。人生真正为你所有。94p	“关爱”不同于“社交”，“社交”是我们拥有的某种东西，“关爱”则是我们给予和获得的东西。99p	真正的改变始于对自身目标的清醒认识，并通过持之以恒的努力去实现目标。100p	关心自己的方法：每天睡7小时；每顿摄入小份、多种食物；每周3次运动；每天2次冥想；每天6升水；每周1本书。121p	寻找并培养成长的朋友。132p	基本欲望让你感到更安全稳定，高级欲则会彻底改变你，让你对生活感到满意。但是实现高级欲需要规划、胆识，要求更高，也更有挑战。141p	为获得而改变，而不是为失去而改变。只有意识到自己对改变的三种痛苦（失去、过程和结果）的预期，才能遏制恐惧，忽略付出的艰辛来关注愉悦的体验。享受改变，而非只是对改变有所期待。弄清状况、大胆设想、敢于实践。148p	我们扼杀了自己的改变欲求和理想，却听从所谓现实主义者和逆来顺受者的建议，为自己设定“合理”的目标（SMART）。但这样的目标，根本无法点燃我们的欲望，无法激起我们的渴望、动力和勇气。真正的改变是能影响你的人生和事业，让世界变得更美好。161p	能让我们全身心投入、充满成就感的挑战的特点： 1. 需要异于寻常的专注； 2. 能拓展你的能力和技巧； 3. 能对表现进行评估； 4. 能带来成就感； 5. 能分享挑战的过程和结果。168p	罗斯福：容易不属于评论家，也不属于指出强者是如何跌倒、实干家本该在何处做得更好的人，而属于真正身处竞技场，满脸污泥血汗的勇士。他们顽强拼搏，可能不断犯错，不断跌倒，因为没有一次次的错误道路就不会有最终的结果。他们理解什么事激情，什么是奉献，并投身于崇高的事业。如何成功的，他们将享受胜利的喜悦；如果失败了，至少他们曾全力以赴，不至于和冷漠、懦弱、不知胜利与失败为何物的灵魂为伍。172p	成为更有远见的人，一方面不光要关注能够解决的挑战，也投身于对终极问题的思考；另一方面，不光要做好分内事，还需要意识到自己是团队中的一员。总之，要成为全力以赴改变世界的一小群人的其中之一。178p	如果不能发挥创造力，表达自己创造天赋，充分展示自己的观点、才华和能力，就能更投入，更有活力。189p	获取是生存的手段，给予是生活的源泉。贡献包括付出（giving of）和奉献（giving to）：付出全力，并在做到的时候肯定自己；为别人提供帮助，目标是发挥作用。211p	我们既想控制自己的思想意识，又想从这种控制中释放自我，以便感受到更深层的意识。因此，我们需要强化对生活的控制，同时，就像很多很多人感受到的那样，还必须向神臣服。211p	关注你的意识：意识到你的做法；意识到你的情绪和身体能量；意识到你的行为；意识到他人；意识到你的进步；超越意识；意识到当下；意识到巧合和直觉；意识到爱。227p	电量十足的生活和简单舒适无缘。人生真正的礼物，就是让你的经历不断深入生活、改善生活的过程。我们不可能完全掌控我们的欲求，我们只能在调动他们的路上不断努力、不断进步。我们需要有意识地、坚持不懈地，所以我们不可能彻底取得胜利，但我们可以在这样无情的挑战中得到越来越多，并为此深深感受到：一切的努力都是值得的。236p	小心你的收件箱，它只是一套为别人计划安排创造方便的系统。你的目标时时刻都将生活中的大事作为重中之重，不论这件事是什么。着眼当前，利用，利用你的心理、生理、和说服技巧，放大你的能量和业绩。时间是你的，今天至关重要。去生活，去爱。
谁说菜鸟不会数据分析,张文霖、刘夏璐、狄松 编著,电子工业出版社,https://img3.doubanio.com/mpic/s6973090.jpg,透过数据看真实的世界,秋叶,假如你不能学会从数据中分析出结论，你就关上了一扇了解真实世界的大门。特别是在这个混杂着伪文艺青年日日编织着商业谎言，准愤怒青年天天转发着时代的怒喊，学一点数据分析绝对让你更心平气和理性面对这个世界。我有一个女性朋友怀疑她的男朋友劈腿了，不爱她了。我告诉她可以花一周时间做两个统计，第一个统计是他不上班的时间有多少花在你这里了，第二个统计是他的钱都花在哪儿了？大家知道，一个男人要是喜欢一个女人的话，最简单的判断标准不是他嘴上说了什么，或者他在床上有多卖力，而是肯为她花时间，肯为她花钱。大凡一个男人这两点对你不错，你可以相信他对你的感情是值得信赖的，否则，他可能对你的确有好感，但是你知道的，好感不是爱情。可我认识的很多女性朋友只需要用舌头就彻底可以被征服，她们会问苍天问大地为何当初他对我信誓旦旦，如今不闻不问。其实我们只需要打开Excel，输入数值，画一个折线图，横坐标是时间，纵坐标是每天短信数量，现在，他对你的感情，一目了然。这就是数据分析的力量，数据冷冰冰，可是它不会撒谎。再说说做时下流行的微博，我一个朋友告诉我某某某出书后粉丝暴涨，我去看了一下，果然暴涨，粉丝数已经破了5万，微博数过千，但是每条微博评论平均值不超过2，这真是一个很2的数据。2011年4月4日18点28分，这真是一个神奇的日子，刘谦不小心按了一下手机，于是发了一个“。”号到新浪微博上，结果转发超过600次，评论超过1600次，这条微博还在，你们可以查到。嗯，我的意思一个真正拥有5万粉丝的人，就是发个问号，就会有粉丝会问：“你？什么？”我可以这样解释一下这个事情：这个世界寂寞的人很多，但是真正关注你的人很少，所以每次粉丝回复我，我都尽量抽空回@一下，感谢在70亿地球人中你曾经为我停留过那么一秒来关注，这个桥段无关数据分析，这是文艺性思考，咱们感动得哗啦哗啦的，其实人很容易被自己的善良感动而已。假如你了解数据分析的话，世界就没有那么让人愉快。在湖北武汉新浪名人微博前10名中，第一名是后来居上的李娜，第二名是一位美容减肥伙伴，将近100万粉丝，说的都是女性热门话题，微博转发很少过200次，第三名是平安荆楚，微博粉丝近80万，微博转发很少过20次，第四名美容减肥馆，微博粉丝近60万，微博转发很少过100次，第五名是归元隆印，粉丝近50万，微博有一些好段子，但转发依然不太给力，到是经常可以破150次，甚至更高。对于宗教界人士，我不能乱讲，但是某代表公权力的微博，买粉这事数据的答案是肯定的。我觉得这个事吧，这么说吧，买白粉肯定是犯法的，买粉丝基本是犯贱的。假如你这样分析下去，你就开始做数据分析里面的样本取样和规律统计的功课，要统计出规律，你就得设置一些考核对比的指标，这就需要你了解你所在行业的业务特点来设计合理的管控指标，假如我们用微博平均转发数和粉丝数相除，我们大概可以了解一个人微博段子的质量，假如我们用微博平均评论数和粉丝数相除，我们大概可以了解一个人微博粉丝的互动度。这两个数据好，微博大概可以有一点点比别人更好的商业价值，回头我们再看微博营销的很多团队，他们的功课除了刷粉还是刷粉，我最近被骚扰的刷粉团队头像写的是8元钱一千粉，这意味着你只需要花130元钱，就可以在粉丝数量上轻易打败我，@秋叶语录，已经快2年了，粉丝数也不过区区一万六不到。这个世界很多人很2，他们只需要一个绝对值就可以被欺骗，当然这世界很多人比较2，他们只需要一个平均值就可以被欺骗。最后这世界很多人有点2，他们只需要一个表现为洋名词的概念就可以被欺骗，比如CPI神马的。其实我不反感别人欺骗我，我只是担心我的理性比较容易被数据强奸或者顺奸。其实这个世界上最悲惨的事情不是每个人都在欺骗你，而是他直接上来就china你。如果你对这个世界还有一点点好奇心，如果你还希望拥有分析事物完整框架的思考能力，如果你希望在职场竞争中除了以情动人还能以理服人，你应该学一点数据分析。是菜鸟不要紧，因为我的朋友们已经为你们准备了这本菜鸟入门书，我看过，很好，生动活泼，浅显易懂，但是绝不是看看就会，你得按书上的思维好好练习，熟能生巧，欲速则不达。书作者送了我一本，刚好我也拍了一本，我的小舅子在IT公司工作，要进行CMM四级评估了，他说项目管理中的工作量评估再也不能用原来的那种1+1=2的初级算术式理解了，要做抽样调查和数据挖掘才能满足评估条件。于是他很高兴地拿走《谁说菜鸟不会数据分析》，我相信他过三个月一定不会是菜鸟。至于我的一个爱好，依然还是那个经常用伪文艺的思维写着冷冰冰的理科书书评的宅男。
幸福的方法,(以）泰勒•本-沙哈尔 汪冰、刘骏杰,当代中国出版社,https://img3.doubanio.com/mpic/s3793703.jpg,Notes：一定要努力幸福！,Jack,"英国哲学家大卫•休谟曾说过：""人类刻苦勤勉的终点就是获得幸福，因此才有了艺术创作、科学发明、法律制定，以及社会的变革。"" 在人生的所有目标中，幸福是至高无上的，其他所有目标的终点都只是去往幸福的起点。 如果你相信这一点，务必读一读这本书。1. 时间压力，一个最普遍的幸福障碍，即时间压力--人们总是企图将越来越多的事情在越来越少的时间内做完，这严重地破坏了我们的幸福感。2. 更幸福，我们永远都可以更幸福，没有人总是处于完美的生活状态而无欲无求。与其去问自己是否幸福，勿宁去探求一个更有帮助的问题：""我怎样才能更幸福？""这个问题不但吻合了幸福的本义，还表明了幸福是一个长期追求、永不间断的过程中的某一段。3. 改变，改变是困难的。研究指出，学习新方法，建立新的习惯，或者打破旧的习惯甚至比我们预想的还要困难，所以绝大多数个人和组织的改变尝试都以失败告终。事实证明，在履行我们承诺的时候，即使这些承诺对我们是有益的，但仅仅依靠自律也是远远不够的。4. 建立习惯与其强化自律性，不如建立固定的习惯，建立习惯要求确定行动的细节，并在特定的时间内完成。建立习惯并不是一件容易的事，但维持一个已建立好的习惯就没有那么困难了。5. 对运动员来说，良好的运动表现是他们价值观的最集中体现，所以他们会在训练中养成良好的习惯；对大部分人来说，健康是非常重要的，所以他们每天都会准时刷牙。如果我们要追求幸福，认清它是最有价值的目标，我们需要为它建立习惯。6. 汉堡模型，生活幸福的人，享受当下所从事的事情，而且通过目前的行为他们可以获得更加满意的未来。7. 忙碌奔波型和幸福的假象，一旦达到目标之后，我们经常把放松的心情解释成幸福，好像工作越艰难，成功后幸福感就越强。因此当我们有这种错觉时，我们不由自主地就对这种生活方式屈服了。不可否认这种解脱让我们感到真实的快乐，但是它绝不应该被等同于幸福。这种幸福可称为""幸福的假象""，它们来自于压力和焦虑的消除，无法维持长久，因为它本身就是和负面情绪共生的。这就好比一个人头痛好了之后，他会为头不痛了而高兴。但由于这种喜悦来自于痛苦的前因，当痛楚消散，我们很快就会把健康当成一种理所当然的事，病愈的喜悦早已消失得无影无踪。""忙碌奔波型""的人错误地认为成功即是幸福，坚信一旦目标实现后的放松和解脱即是幸福，因此他们不停地从一个目标奔向另一个目标。8. 巅峰体验，米哈伊•西卡森特米哈伊（Mihalyi Csikszentmihalyi）毕生致力于研究高峰体验和巅峰表现，他曾说过：""人类最好的时刻，通常是在追求某一目标的过程中，把自身实力发挥得淋漓尽致之时。享乐主义者的生活完全没有挑战，不可能获得幸福。9. 幸福的错误，""忙碌奔波型""、""享乐主义型""和""虚无主义型""犯了同一种错误，那就是坚持自己对于幸福的偏见。""忙碌奔波型""信奉的是""到达谬论""，即认为只有在达成一个有价值的目标后，才可以得到幸福。""享乐主义型""的问题在于""快感至上""，认为只要不断地享受短暂的快乐，就算没有未来的目标，也可以得到幸福。至于""虚无主义型""本身就是一种谬论，对现实状况的完全误读，认为无论自己做什么都无法得到幸福。他们最可怜，因为他们连前两种谬论中有限的快乐都感受不到。10. ""忙碌奔波型""的错误观念在于，只有成功本身可以为他们带来快乐，他们感觉不到过程的重要性。""享乐主义型""则错误地认为，只有过程是重要的。""虚无主义型""同时放弃了过程和结果，他们对生活已经麻木了。""忙碌奔波型""是未来的奴隶，""享乐主义型""是现在的奴隶，而""虚无主义型""则是过去的奴隶。11. 从""忙碌奔波型""转变为""幸福型""追求者，并不代表做得更少或是热诚减少，它的意义在于将正确的事情做得更好，即那些对现在和未来都有益处的事情。同样，从""享乐主义型""转变成""幸福型""，也不需要减少快乐，不同的是，学会去适当的享乐而不是无止境地放纵。幸福的人不会接受""无苦，无获""的观点，因为他不但享受着他所做的一切，同时也在向着目标而努力，而他们往往取得了更大的成就。12. 同时追求快乐和快乐的意义，我对幸福的理论阐述，主要基于弗洛伊德和维克多•弗兰克的快乐原则。其中弗洛伊德认为追求快乐是人类的本能。弗兰克则认为，人类意志力的原动力来自于意义，而不是快乐。他说：""人类最大的动力，来自于对生命意义的追求。""在对幸福的追寻中，他们各说对了一部分。如果想要一个充实而幸福生活，就必须去追求快乐和意义两种价值。13. 幸福和财富无关，诺贝尔经济学奖得主丹尼尔•卡尼曼在过去几年里将注意力转到了有关幸福的研究。在他的研究中，卡尼曼和他的同事们几乎没有找到幸福和财富的必然联系。14. 建立目标才能幸福，时至今日我可以肯定地说，做一个幸福的人，必须要有一个明确的可以带来快乐和意义的目标，然后努力地去追求。但在开始探索如何去设定一个适当的目标前，让我们看看目标与成功的关系。15. 把目标作为意义而不是结果，如果想保持幸福感，必须改变我们通常对目标的期望：与其把它当成一种结局（相信它可以使我们开心），不如把它看作意义（相信它可以加强我们旅途上的快乐）。当目标被认可为意义时，它会帮助我们去规划旅途上的每一步，而不像被认为是结局时，它所带给我们的只是无数的困难和挑战。正确的目标认知，给我们的是一种安宁的感觉。"
少有人走的路,[美] M·斯科特·派克 于海生,吉林文史出版社,https://img3.doubanio.com/mpic/s2144391.jpg,自卑者十，自恋狂八九，自爱者一二。,[已注销],真理总是把持在少数人手中，而毁灭于大多数人的践踏之下。《少有人走的路》，尽管这条路难以寻觅，但比其他大道更近终点，而且是近了十分之七的路程。终点站，是领悟。[一] 自卑情结无论怎么随机抽取，可以肯定的是，每十个人中，十个都是自卑者，其中八九偏自恋，只得一二倾向自爱。而自卑情结，是人类与生俱来（我最近特泛滥这词儿）就存在的。一个人，无论他有多XX（这个XX请你们自行代入任何想象得到的褒义词），他的内心深处都是自卑的，或者退一步讲，至少不像表面那么自信。为什么？很简单的一句：“男人都有短处，女人都有漏洞。”（是的，我是故意的。）探究到自卑情结的根本原因，我依然要说“欲望是一切人类产生的事物的根源所在”这句话。这其实是臭笠到不读书的人都知道的佛洛伊德大叔终其一生提倡的“泛性论”。这个“性”，不是性别，也不是性爱，而是“原欲”。世人总把佛洛伊德先生歪曲为一个把性高潮当人生理想的怪大叔，这是不可取的。因为欲壑难填，所以人类永远无法满足现状，自卑情结就发作了。我举个例子吧：一个穷人他肚子饿了，当然要吃饭，可是手里没钱买食物啊，心里那个愤恨呐，就开始埋怨自己怎么没本事挣钱养活自己。接着就想自己多失败啊多失败。最后纠结死。在欲望面前，每一个人都是穷光蛋。[二]自恋与自爱的本质自恋跟自爱，是两个不同的概念。我们从字义上来看“恋”跟“爱”的区别。“恋”是瞬间或短暂性动词，而“爱”是持续性动词，可表状态。用英文看很容易理解：“恋”是fall in love，“爱”是be in love。这本书是这样解释的：“恋，即坠入情网，意味着自我界限的某一部分突然崩溃，使我们的‘自我’与他人的‘自我’合而为一。是情感和心灵的退化现象，是人类基因向人类理性的征服。这种感觉是虚幻的，常常与现实脱节。当荷尔蒙开始减退，各自的自我界限重新合拢，他们又恢复成为两个不同的个体。最后只得劳燕分飞。”而爱的本质，是“为了促进自我和他人心智成熟，而具有的一种自我完善的意愿”。我们在真正的爱中，强化自身进步的力量，成为对方成长的源泉。恋，是不成熟的非爱或假爱，会让你甘愿舍弃全世界；而真正的爱，是让你看到甚至拥有全世界。我简单的说一句：“恋，是把你抓得紧紧的；爱，是放你自由的飞。”[三] 自恋狂与自爱者的本质区别我要先澄清一点，人不可能永远处于单一的状态，没有一个人是完全自恋的，也没有一个人能完全自爱。所以以下我要说的自恋狂和自爱者，都是表述这个人的“倾向”。自恋狂的心理是畸形的，他也许是偏执狂或强迫症患者，表面看来极其自信，但如果他的自尊被人践踏，后果是很恐怖的：他要么爆发起来，斗得两败俱伤同归于尽也甘愿；要么就自己忍着内伤，严重的话甚至会得精神分裂症；而自爱者的心理是正常的，即使你辱骂他，污蔑他，他都会认为[无论你怎么说，我都是一个有价值的人]（注：语自博恩·崔西）。当一个人自信满满的站在你眼前，意气风发，挥斥方遒。你该如何区别出他是自恋狂还是自爱者呢？很简单，听他说话，自恋狂经常会表达一种强迫式的要求：“我要什么。我不要什么。我喜欢什么，我讨厌什么。”而自爱者是向人们透露着一种意愿上的原则：“我是一个什么样的人。”看他写的文章里，“我”这个字出现的频率。“我”字出现过多，或者根本就没出现的人，他在某种程度上更为接近自恋。还有，喜欢说意识形态的人偏自恋；喜欢讲具体事情的人偏自爱。在描述事情上，注重过程和眼前状态的，偏自恋；注重结果和长远考虑的，偏自爱。[四] 两者选择配偶的倾向自恋者只会寻找跟自己类似的人做配偶，而自爱者比较中意找互补型的。这是由本质决定的。自恋者不恋爱。无论他跟什么人在一起，他爱的对象，永远是他自己。倘若他觉得自己的配偶很完美，那么我们可以推测到，他的配偶在性格上，喜好上，习惯上都跟他极其类似。而一旦他的配偶在某个地方跟他有较为明显的不同或相反，他就会失望的说，“你不是我那杯茶”。所以他会经常性的失恋，无论是主动离弃配偶还是被配偶抛弃。自恋狂很难与除了自己以外的其他人维持一段相对正常的情侣关系。自爱者比较喜欢配对互补，但也不排除和相似度接近的人在一起。但他们对待感情的态度就是理智的，他们尊重配偶的意愿和选择，不盲从也不抗拒对方和自己截然不同的习惯，就算双方有矛盾，也能找到调和的办法。而不像自恋狂那样一遇到问题，就回避，或者离开甚至人间蒸发。[五] 两者对待爱情的态度自恋者属于心理学上的“消极性依赖人格失调障碍”。特征是：他们不在乎依赖的对象是谁，只要有人可以依赖，就心满意足。自恋者因为一直以来不被他人理解，长期饱受寂寞、空虚的折磨，一旦有了交往的对象，就会紧抓不放，这只能使感情更快的走向毁灭。而对象一舍弃他，他就觉得天崩地裂，发出一声鬼哭狼嚎“你走了，我一个人怎么活呀？！”而在第二天，他勾搭到别的人，又生机勃勃了起来。他们的爱，是畸形的，分别有三种形式：负债型（一味付出，不敢索取），索取型（一味索取，不懂付出），功利型（一比一的付出与索取，对公平原则极为苛刻）。他们不能够突破自我界限，其人生价值依赖于同别人的情感关系。他们表面看起来很爱自己，实际上却总是为了别人而活。与自恋者对恋爱对象的来者不拒、照单全收完全相反，自爱者在爱情上，是极其挑剔的。他们认为，“比起日后去修补改善一段破裂的关系，一开始谨慎的找寻和郑重的选择更为重要。”就算再怎么爱一个人，如果自爱者觉得对方不适合自己，即使内心再痛苦，他也不会委屈自己去维持一段已经有裂缝并且看不到未来的关系。自恋者在失恋后会立马去寻找下一个恋爱对象，但自爱者绝对不会。他会先反省、检讨自己在这段失败的关系上的责任，以防下次出现同样的错误。然后调整自己的心态，继续进行之前的正常生活与工作，并以一种取精华弃糟粕的全新姿态去迎接下一段恋情。[六] 两者的自我价值观自恋者认为“自己是一个孤立的个体，眼前的一切都是幻觉”。他们把自己孤立起来，感觉自己是宇宙中独立的个体。甚至认为“回归到幼儿时代，才能体验到自己和宇宙的统一感”。他们追求“超凡入圣”的境界，却把自己推进了精神分裂症的旋涡里。而自爱者讲求“人性与神性的结合”，在他们看来，宇宙原本浑然一体，恒星、行星、房屋、树、鸟、人与人内心的自我，不是独立的个体，而是宇宙间有机的组成部分。自恋者内心极其抗拒或回避人际关系，要么彻底厌恶，要么在表面上妥协，假装融入人群。但自爱者在社交圈子里往往来去自如，左右逢源而又特立独行。这么说吧，自恋者就像是榴莲，要么好吃的要死，要么臭得要死。而自爱者就像是番茄，可以生着吃也可以熟着吃，可以做番茄炒蛋也可以入番茄蛋汤。[七]很多人自卑而不自知。自恋狂明知自己有心理障碍却不去面对。而只有自爱者，才懂得在得意时收敛，在失败中成长。去寻找一条《少有人走的路》吧，你的心，将会在沿途的风景中，每天开出一朵花来。
这一生，静待时光检验,萧秋水,新世界出版社,https://img3.doubanio.com/mpic/s27520520.jpg,我有红颜如秋水,秋叶,有人问，男人和女人之间真的有友谊吗？我现在可以回答：有，秋水和我之间，就是友谊。我和女子交往，常有非份之想，但我和秋水认识八年，默契十足，却从来没有想过和她有别的发展，这让我也奇怪。我们也曾聊过我们之间有可能吗？答案是我们绝对不可能，做红颜做知己刚刚好，进一步谁都不快乐。说起来， 我和秋水的认识也是有趣。2006年我在论坛写各种工作感悟，有些内容还到处流传，被秋水看到，辗转联系上我，也就算认识了。那时我连她是男是女也不清楚，只知道她在深圳金蝶负责社区，我在武汉，只能算网友。我发现她能写，比我还能写，博客也有特色，我就想到，干嘛不一起写本书，她说好。我们就策划写一本关于博客的书，都开始正式合作了，我还不知道她长什么样子。说起来也奇怪，要换别的女子，聊到这么熟了，我早去要照片了，我和她，似乎每次都是就事论事，很少扯到其它，关系简单纯粹，也省心。我们都是情绪自我控制能力很强的人，也是自我约束甚高的人，但写书也是缺乏经验，常常是我写得泄气时她来了好点子，把我激活，她写得疲倦，我正兴致勃勃告诉她如此如此定能大卖，她也就被我带着继续坚持。这种模式，似乎就是我们两个人后来的合作大致框架，找到共同感兴趣的点，互相激发创意，互相监工，互相挑刺，最后我们完成的工作比一个人做得更好。我们合作的第一本书是《名博是怎样炼成的——个人网络品牌全攻略》，当时我们约定，书出版后就第一次见面，好好策划，好好推广，一起把书卖到爆。08年书出版，我们的确如约见面，她那时比我显得成熟，我本来就是一个躲在电脑后的屌丝。我们见面并不生份，马上就一起策划，找很多朋友们帮我推广，但是人生不如意的事情十之八九，这本书不但没有卖到爆，而且直接积压了1300多本包销的量，花了我们很多时间去消化。这个过程反而让我和秋水彼此认识更深了.人往往在有梦想时能同甘共苦，却在遭遇挫折时互相埋怨。我们凑巧都是对事不对人，努力为不利的事情争取最好的结果，这就是我们共同的人生态度。一次失败不但没有让我们放弃合作，而是让我们更加了解彼此，我们相信，只要找对方向，就会找到属于我们的机会。2009年，我们又合作出了第二本书《超越对手-大项目售前售后的30种实战技巧》，这本书口碑不错，一直到今天都有人买。那个时候我们开始彼此超越对对方工作能力的认可，我们也会聊聊自己的生活，自己的烦恼。不管每个人能力有多强，都会经历自己的大麻烦，我们理解彼此的麻烦，但也知道，问题的解决，始终要自己去面对。但有一个朋友，特别是一个安全的朋友，可以容纳你全部的负面情绪的时候，你会发现，这个世界其实对你很好，然后我们又可以对世界微笑了。有时候秋水问我，你给我说了那么多你的秘密，哪天我出去卖钱了怎么办？我说：我既然信你，就是被你卖了也不会后悔我现在的选择。当然秋水是可以信赖的人，我还没有头脑冲动到什么人都交心。我们可以无话不谈，也可以一分钟交代完各自的工作，然后分头努力，到了截止日期，我们大抵能提前收工，互相欣赏对方的成果。就这样我们又合作了《微博控控微博》、《微信控控微信》，微博上我们经常互动，以致有人以为她是我另一笔名，又或者以为我们是夫妻，甚至以为她就是我。11年秋水离职，转型做自由人，除了找到适合自己的生活方式，她经济上其实有压力，更让她愁苦的是离家多年，还有外人不知道的家庭烦恼要处理。我帮不了太多，只能说多推推书让她赚一点微薄稿费补贴一下她，多推荐一些培训机会给她，多为她分析她讲课的改进方向，一晃三年，她已经顺利适应了新的角色，而且把生活和工作的平衡做到了更高的境界。2013年底我开始转型投身在线教育，这是一个大工作。在这个工作领域里，我觉得需要和新的资源合作，很长一段时间，我只是简单告诉她我的进展，但具体的工作，她是始终排除在外，全无参与感。其实我工作的状态是很冷酷的，我常常说，女子最好不要做我搭档，因为我真要起工作成果的时候是不会把你当女人看的。秋水是经常被我当搭档用的，结果我忘了她毕竟还是女人。创业辛苦，我没有太多精力照顾太多的事情，也忽略了这么大的工作，她全然帮不上忙，她替我着急，怕我太累，也怕我小有所成忘乎所以膨胀。到2014年6月，我感觉我大概是找到方向了，找她也开发《微信营销》的在线课程，她很高兴和我说：“你再不找我， 我觉得自己是跟不上你，要被你放弃了。”我有些愕然，我真没有想那么多，这倒是让我再次看见自己生命中冷酷的一面，我是个为了目标可以放弃很多东西的人——我有能量让你燃烧，但绝不是能做冬日里温暖披肩的人。再次进入合作模式，我们又明白了对方更多，人在成长，一轮轮成长，我们都需要进化，都需要在进化过程中磨合彼此最新的距离。好在这么多年交往，我们磨合期很短，产出期却很长。秋水除了工作，一直在用博客记录她生活中的感悟，因为我知道，她是用生命去生活的人。许多人经历过许多事情，却没有去体悟，去思考，最后把这些经历变成一场流水，雨打风吹无痕。但秋水不同，她能从一碗饭，一幅画，一句问候里看到人间的美，也看到生命的温度。当然，秋水不是文艺青年，她的温暖是明明知道这个世界尔虞我诈冷酷无情的面目，却依然相信只要选择拥抱，世界终不负我。我们都是冷静的人，但也愿意为这世界温暖多一点能量。她写的文章感性中有理性，理性中有感性，不像我，我喜欢冷冰冰写分析文，写长文，常常恶搞，偶尔写写情怀。她的文字温暖，我曾经和她一起接完整了一句话，就是她的生活观最好的注脚：与世俗和解而保持自我，与现实妥协而不忘突破。这就是秋水，所以，我要诚心诚意推荐她的《这一生，静待时光检验》——唯有经历过时光洗礼，这文字才耐得住检验。
影响力,[美] 罗伯特·西奥迪尼 陈叙,中国人民大学出版社,https://img3.doubanio.com/mpic/s1657785.jpg,"我在苏州被和尚骗了, 那和尚一定熟读《影响力》",马牛,首先我得说明，我不是一个那么容易上当的人。中国移动常常给我打电话说有什么免费活动，我都是一概拒绝的。在街上遇到乞丐，我从来不给钱。有次遇到一个手段高明一点的：两个穿着时髦的女生站在路边把我叫住了，当她们说第一句话的时候，我就走了。她们说的是“我们是从新疆来的…”。另外有一次，有一对中年夫妇也是叫住我，我停了下来，他们一开口说“小兄弟，我们从山东…”，我就走开了。因为我立马想起这两人之前在其他地方也叫住我一次。（我求求你们了，要行骗也不要老在一个地方，怪眼熟的…）除此之外，还有很多次类似的经历。我不是说我每一次都遇到的是骗子，我只是想说我是一个谨慎的、不爱贪小便宜的人。可是在08年，我被骗了，数目不太，但和尚的骗术让我心服口服，没法逃出来。在看完《影响力》之后，我为和尚找到了理论依据。08年10月，我和两个同学从长沙去上海，后来就顺道去苏州玩。有一个景点是报国寺*（应该是吧），寺里有一个许愿堂（应该是叫这名字）。进去之前，导游跟我们讲，这地方大家自愿地进去，并且本着自愿的原则捐钱。我一开始没在意这话，抱着看看这里面是什么样的心态就进去了。一进去，一个和尚就叫大家保持肃静和严肃，因为这是每天和尚诵经的地方。我本来因跟同学开几个玩笑的，听了这话就正经起来了。和尚开始给大家讲下跪的正确方法什么的，然后三十几个游客就双手合十地跪下了。和尚开始和大家讲人生的大道理，在当时那个环境下，我听着句句都像是佛祖直接给我讲的，他妈太有道理了。这和尚还给大家都撒了圣水之类的东西，说这东西能给大家带来好运幸福。(*注：应该是报恩寺）然后，他又说了，今天，佛祖要是觉得你们中的一些人与佛有缘，我会单独留你们下来。要是特别有缘的，我们方丈会接见你们。（这不就是《影响力》里说的“缺乏”吗！这跟商场里的限量限时有什么区别！）我当时就激动了，心想不会选中我吧，我该不会是与佛有缘的那个人吧，要是我，我的一生一定会飞黄腾达的。果不其然，我、我的两同学，还有一个跟我们年纪差不多的男的被留了下来，另外有几个中年人被带去见方丈了。我当时特高兴－老子跟佛有缘！这时，和尚开始说话了：你们年轻，要努力开创自己的事业。但是在努力的同时，运气也很重要，俗话说*￥#%…。然后，他送了我们每人一个方丈开过光的金符！（注意注意，他开始送东西了！他使用了“互惠原则”！）并且他说，佛不求回报，只要我们在心愿达成之后，朝着报国寺的方向烧上三柱香就行了。这个时候，我的所有疑虑都打消了－－看来这和尚是真心的，他不求回报！我当时就觉得，这人是我一生的导师！话讲得太有道理了！给我们金符之后，他又讲了几分钟，我心想我要牢牢记住咱导师的每一句话，当时觉得对他特崇拜。临近要走的时候，他突然说，希望我们几个给寺里捐点钱，20，30，50都可以，钱不在多，表示给对佛的敬意，寺里的和尚都靠这个过活。（他说20 30 50都可以，所以最低就20，我们就不能给个两块钱就打发了）更可气的是，他说要是不捐的话，就要我们把金符留下。（我们从《影响力》里知道，失去比得到给心灵带来的冲击更大）这个时候，我的胃告诉我，我们上当了，这之前的一切都是为了从我们手中拿走钱。我当时就想走，可是这之前我已经喜欢上他了－－他真像是我的人生导师（“喜好”）。我拿了他的东西并且不想放下－－我就有了负债感，想要偿还以求得平衡（“互惠原则”）。我之前相信了他所有的话并认为他是一个好人，我不想承认我之前错了（“投入与一致”）。这时我就问我旁边的同学：“你给多少？”（天啊，请注意，我不是说“你给不给”！）。他说，20吧。然后我们（连接那个和我们年纪差不多的年轻人）都一起给了20。（《影响力》里的“社会认同”！）出门之后，我们就开始一路骂娘…这一次，我真正知道了什么叫圈套，一环一环。你明知道自己中计了，却（如书中所说）卡嗒，哔~做出了被人影响了的决定！太可怕了。我一直在懊恼自己在这件事上为什么没有像自己以前想象中的那样理智和清醒，直到看了《影响力》，我发现了“你为什么会说‘是’”的力量。虽然无形，但这种力量大到足以玩弄你于股掌之间。《影响力》训练我们更加清楚地看待这世界上的种种花招。当然，这书也告诉一些人如何玩弄花招。这个世界本来就是一场场博弈。Blog原文链接http://www.manio.org/cn/influence-i-was-treated-by-mock/
罗伯特议事规则,亨利·罗伯特 孙涤、袁天鹏,世纪出版集团 格致出版社,https://img3.doubanio.com/mpic/s2861552.jpg,会少规矩多,ccc,会少规矩多 丁林  说到开会，我们这样年纪的人这辈子可真是没少开，有些年可以说是天天开，甚至是一天到晚开。大会小会，什么样的会都开过。所以有一种说法是“旧社会税多，新社会会多”。到了美国几年，大小单位也换了好几个，美国人是会少，不仅少，而且短。工作中的碰头会之类的，常常是站着说，这对喜欢说话的朋友 绝对是很不利。 可是如果说美国人开会非常随便，没什么规矩，那就大错特错了。说到开会的规矩，世界上恐怕没有人比得上美国人的规矩大了。他们有那么一本厚厚的开会规则，《罗伯特议事规则》（Robert's Rules of Order），这在世界上是独一无二的。故事要回溯到140 年前，美国南北战争期间，在北方的麻省贝特福特，有一个年轻的陆军中尉亨利·马丁·罗伯特。那一天，他奉命参加类似“拥政爱民”的活动，主持地方上教会的一次会议。偏偏这个会议的议题是很有分歧的。结果，可想而知，这位才25岁的年轻军官，把这个会开得一塌糊涂。人们在会上争论得不亦乐乎，结果是什么决议也休想达成。这样的会，开了等于不开，甚至比不开还要糟糕。这事儿让罗伯特心里放不下了。这位毕业于大名鼎鼎的西点军校的美国军人的认真劲儿上来了，他发誓，如果不找到一个好的开会办法，他再也不开会了。认真地探究人的智慧本质，他和大多数西方哲人一样，发现人是一种最难被道理说服的动物。当发生分歧的时候，不管分歧的基础是什么，或者出于利益冲突，或者出于信仰理念，或者出于知识经验的不同，反正一旦分歧明确公开，是非常难以在短短几个钟头或几天里靠语言的交流来达到一方说服一方的。分歧的双方找到共同点的可能不是不存在，但是这需要有一定的交流机制，否则，一方说清楚了，另一方根本没听进去，还是白搭。看清这一点，就不难理解，人类历史上大大小小的会议决议所达成的“一致”，要么是强权从上到下强迫会众接受，要么就是一方会众势力压倒另一方。而这样的“一致”“决议”，在罗伯特这样的美国青年看来，还是违背了民主的理念，没有让不同意见的人充分地表达他们的歧见，是不公平的。罗伯特想要找到一个开会规则。结果他发现，居然并没有一部现成的开会议事规则。尽管西方人从古希腊广场民主时代开始，就开会决议军政大事了，但是，那还是带有原始的粗糙，有点象我们下乡时的大寨式评工分，嗓门比道理的效力要大。尽管英国的议会有了长久的议事历史，有成套的礼仪规矩，尽管美国的参众两院有议事程序，法庭有庭审规则，但是民众自己却并没有一部开会议事的统一规则。罗伯特决定自己写一部。他开始研究已有的各种议事程序，探索这些程序的逻辑，为什么要这样规定，如果不这样规定的话，会产生什么结果。经过几年努力，取其精华，补其不足，他写出了一部议事规则。可是拿到出版商那儿，却没有人相信一个年轻军官能写出这种法理性的规范。最后，有个出版商给了他十分苛刻的条件答应帮他出版：先要让出版商捞回成本才有罗伯特的稿酬，另外，罗伯特要自己出钱买1000本送给国会议员、律师、教授等头面人物。他答应了。就这样，1876年2月19日，亨利·马丁·罗伯特的《议事规则袖珍手册》（Pocket Manual of Rules of Order）正式出版，立即行销全国。到1915年，已经带有将军头衔的罗伯特出版了修订版，书名正式叫做《罗伯特议事规则》。在此期间，这本由一个年轻军官写出来的开会规则卖出了两百多万册，成为美国民众开会的标准手册。罗伯特逝世于1923年。此后，他的后人和当初参与过编写的人继续修订这本议事规则，使它适合不断变化的技术进步。1943年出了第五版，1970年出了第七版。最新的第九版，出版于1990年。这样的“游戏规则”，对于民主理念的具体实现和操作，常常具有决定成败的重要性。罗伯特议事规则的内容非常详细，包罗万象，有些是专门讲主持会议的主席的规则，有些是针对会议秘书的规则，当然大量是有关普通与会者的规则。有些规则针对不同意见的提出和表达，有关辩论的规则，还有非常重要的是不同情况下的表决规则。有一些烦琐规则后面的逻辑原则是十分有意思的。比如，有关动议、附议、反对和表决的一些规则是为了避免争执。原则上，现在在美国的国会、法院和大大小小的会议上，在规范的制约下，是不允许争执的。如果我对某动议有不同意见，怎么办呢？我首先必须想到的是，按照规则是不是还有我的发言时间，是什么时候。第二，当我表达我的不同意见时，我是向会议主持者说话，而不是向不同意见的对手说话。在不同意见的对手之间的你来我往的对话，是规则所禁止的。在国会辩论的时候就是这样，说是辩论，不同意见的议员在规定的时间里，名义上是在向主持的议长或委员会主席说话，而不能向自己的对手“叫板”。自己发言的时候拖堂延时，或者强行要求发言，或者在别人发言的时候插嘴打断，都是规则所禁止的。在美国的法庭上也是这样，当事双方的律师是不能直接对话的，因为一对话必吵无疑，法庭就会变成吵架的场所。规则规定，律师只能和法官对话，向陪审团呈示证据，而陪审团按照规则自始至终是“哑巴”。不同观点和不同利益之间的针锋相对，就是这样在规则的约束下，间接地实现的。这样的技术细节，对于美国这样的多元化而又强调个人自由、人人平等的国家是非常重要的，是民主得以实现的必要条件。否则的话，发生分歧就互不相让，各持己见，争吵得不亦乐乎，很可能永远达不成统一的决议，什么也办不成。即使能够得出可行的结果，效率也将十分地低下。而罗伯特议事规则，就象一部设计良好的机器一样，能够有条不紊地让各种意见得以表达，用规则来压制各自内心私利的膨胀冲动，找到求同存异的地方，然后按照规则表决。规则保障了民主程序的效率。当然，就象有了好的电脑还要有好的软件一样，罗伯特议事规则只是一套洞察人性而力求公平与效率的技术性的设计。在民主的议事程序中，这套议事规则的效果，则依赖于开会者对游戏规则的尊重。
引爆点,[美] 马尔科姆·格拉德威尔 钱清、覃爱冬,中信出版社,https://img5.doubanio.com/mpic/s6055506.jpg,引爆流行还是长尾理论,共同提高,去年最流行的一个理论叫长尾理论，但是很多人研究了以后感觉很失望，本以为是一个能改变人生际遇的锦囊妙计，结果全是扯淡的。其实长尾理论不是放之四海皆准的玩意儿，它的针对性很明显，只对某些平台型的渠道有用，说白了，它就是牺牲大多数人的利益来成就一小部分渠道所有者，比如做网站的。这也不是什么新鲜东西，要饭的遵循的就是长尾理论，很多人都觉得每次收入块八毛不值一提，但是架不住人家长尾够长，所以乞丐成为最先富起来的一群人。后来，有朋友说你应该看看《引爆流行》，对于内容制作者、想出名的草根、想提高博客点击率的、想把《七零一代的鸡零狗碎》搞成百万畅销书的，引爆流行才是王道。是啊，假如你千辛万苦做了一张唱片，结果只变成了长尾里的一小根毛，你愿意吗？只是在大多数人看来，流行是可遇不可求的，它就像艳遇或者祖坟冒青烟之类的东西，你知道老鼠爱大米、芙蓉姐姐、超女是怎么红起来的吗？虽然事后我们会分析出一百条理由，但是在此事发生之前，我们没有人知道。《引爆流行》就是揭露流行引爆点内在规律的一本书，它分析了很多案例，然后总结出了三条规则，个别人物法则、附着力法则、环境威力法则，换成白话文就是，某些意见领袖和社交天才的参与，内容本身比较过硬，正好符合了当时的社会环境，然后就红了。看到这里，你肯定很失望，靠，就这点料，老子十年前就知道了。不过且慢，我看这本书的时候，给我印象最深的并不是这三个原则，而是他在研究过程中使用的方法。普通人，尤其是文科生，在面对一个问题的时候，往往喜欢想当然，但事实上，我们下的论断很多是错觉、成见，看《引爆流行》给我最大的震撼是其中一段讲电视节目《芝麻街》的制作，你会觉得那不是在做电视，而是在做科学实验，他们使用了各种方法从各个角度来测试儿童观看电视的行为，并用这些来指导电视内容的制作，再想想我们的电视栏目策划是怎么搞的，找几个权威吃个饭侃一侃就出来了，这些老大可能压根就不看电视。但是最终打败《芝麻街》的是另一档节目《蓝狗线索》，在我们的权威看来，这档节目远远不如《芝麻街》精彩、丰富、有趣，完全不是一个重量级的，而它成功的秘诀也在于搞实验，通过儿童的行为研究最终发现，孩子们的最大诉求并不是精彩、丰富和有趣，而是简单、容易理解、互动。我在唱片业里做了八年，最深切的体会就是这个行业很感性，完全没有数据支持，没有销售数据、没有用户行为数据，更谈不上任何市场分析，从业人员脑子都是飞着的，一拍脑门就干了。之前，我在一个唱片公司里做过半年的战略研究，想法很简单，就是收集整理零零散散的数据，然后进行研究分析，做出战略意见。然而我发现，最大的阻力来自生产部门，他们打心眼里不愿接受分析结果，一方面可能因为感觉自己的专业权威被挑战了，另一方面他们脑子里没有统计学概念，喜欢用特例来否定惯例，比如，你告诉他能流行的彩铃音乐83.4%都是很土的歌，他就说那周杰伦的彩铃也卖得很好啊，可问题是，周杰伦跟你一毛钱关系都没有。中国人打心眼里是相信奇迹的，比如诸葛亮给你一个锦囊妙计，你只需要照着做，立刻反败为胜、书大卖、财源滚滚，《引爆流行》显然不是这么一本书，我从中受到的启发是：同志们，一定要相信科学。http://www.sohoxiaobao.com/chinese/bbs/blog.asp?id=7269
